,angry,crawled_utctime,created_time,haha,id,like,love,message,owner_id,sad,type
0,149,2018-03-22 08:42:35.266885,2016-11-30 16:01:00+00:00,4,114731331886956_1568764773150264,559,2,"Ninh BÃ¬nh 28/11/2016: CSGT sá»­ dá»¥ng cÃ´n Ä‘á»“ Ä‘Ã¡nh dÃ¢n???

VÃ o há»“i 18h chiá»u tá»‘i nay 28/11/2016 , sau khi Cáº£nh sÃ¡t giao thÃ´ng Ninh BÃ¬nh yÃªu cáº§u chÃºng tÃ´i dá»«ng xe, chÃºng tÃ´i cháº¥p hÃ nh, sau Ä‘Ã³ chÃºng tÃ´i há»i chÃºng tÃ´i vi pháº¡m gÃ¬ váº­y, cho chÃºng tÃ´i biáº¿t lá»—i, sau má»™t há»“i csgt khÃ´ng Ä‘Æ°a ra Ä‘Æ°á»£c lá»—i thÃ¬ anh ta cÃ³ nÃ³i vá»›i chÃºng tÃ´i, mÃ y Ä‘á»£i tao gá»i ngÆ°á»i lÃ m chá»©ng, má»™t lÃºc sau cÃ³ 2 thanh niÃªn láº¡ máº·t Ä‘áº¿n uy hiáº¿p vÃ  Ä‘e doáº¡, Ä‘Ã¡nh chÃºng tÃ´i, tÃ´i chá»‰ biáº¿t chá»¥p láº¡i trong Ä‘oáº¡n clip cÃ³ ngÆ°á»i máº·c Ã¡o káº» trÃªn hÃ¬nh Ä‘Ã£ Ä‘Ã¡nh chÃºng tÃ´i, tÃ´i cÅ©ng khÃ´ng hiá»ƒu lÃ½ do táº¡i sao... ? NgÆ°á»i csgt trÃªn cao khoáº£ng 1m80 Ä‘Ã£ gá»i 2 thanh niÃªn láº¡ máº·t nÃ y Ä‘áº¿n Ä‘Ã¡nh chÃºng tÃ´i 1 cÃ¡ch vÃ´ cá»› ?????????

fb XÃ¬ Trum 8 
( Theo fb Rain Rain )

[K]",114731331886956,9,video
1,126,2018-03-22 08:42:35.266885,2016-11-28 07:00:00+00:00,10,114731331886956_1566008333425908,564,10,"TÃ´i khÃ´ng thá»ƒ tÆ°á»Ÿng tÆ°á»£ng ná»•i cÃ¡i xÃ£ há»™i nÃ y rá»“i nÃ³ sáº½ Ä‘i Ä‘áº¿n Ä‘Ã¢u. Khi trÃªn kháº¯p quÃª hÆ°Æ¡ng Viá»‡t Nam Ä‘Ã£ xáº£y ra quÃ¡ nhiá»u nhá»¯ng vá»¥ viá»‡c cÆ°á»¡ng cháº¿ thu há»“i Ä‘áº¥t trÃ¡i phÃ¡p luáº­t vÃ  coi thÆ°á»ng máº¡ng sá»‘ng cá»§a ngÆ°á»i dÃ¢n nhÆ° cá» rÃ¡c, tham nhÅ©ng tiÃªu cá»±c trÃ n lan. 

Máº·c dÃ¹ mÃ¡u Ä‘Ã£ Ä‘á»• sÃºng Ä‘Ã£ ná»• tá»« nam ra báº¯c : VÃ­ dá»¥ nhÆ° vá»¥ ÄoÃ n VÄƒn VÆ°Æ¡n TiÃªn LÃ£ng Háº£i PhÃ²ng, Äáº·ng Ngá»c Viáº¿t ThÃ¡i Binh, cÃ¡n bá»™ cao cáº¥p YÃªn BÃ¡i báº¯n nhau YÃªn BÃ¡i, má»›i Ä‘Ã¢y lÃ  vá»¥ ÄÄ‚K NÃ´ng. ChÃ­nh quyá»n cÃ¡c cáº¥p váº«n chÆ°a coi Ä‘Ã³ lÃ  dáº¥u hiá»‡u cáº£nh bÃ¡o báº¥t á»•n xÃ£ há»™i, nguy cÆ¡ báº¡o loáº¡n. Pháº£i chÄƒng Ä‘Ã¢y lÃ  dáº¥u hiá»‡u tÆ° duy nhiá»‡m ká»³ Äƒn xá»•i á»Ÿ thÃ¬, gáº·t nhanh gÃ¡nh vá», thu há»“i vá»‘n bá» ra cháº¡y chá»©c cháº¡y quyá»n cÃ ng nhanh cÃ ng tá»‘t.

Nhá»¯ng nguá»“n tÃ i nguyÃªn cá»§a Ä‘áº¥t NÆ°á»›c, cÃ¡i mÃ  láº½ ra thuá»™c vá» nhÃ¢n dÃ¢n nhÆ°ng há» láº¡i coi lÃ  cá»§a trá»i Æ¡i Ä‘áº¥t há»¡i, nÃªn khi há» Ä‘Æ°á»£c lÃ m quan há» tá»± cho mÃ¬nh cÃ³ cÃ¡i quyá»n ban hÃ nh quyáº¿t Ä‘á»‹nh nháº±m trá»¥c lá»£i biáº¿n thÃ nh cá»§a riÃªng mÃ¬nh. VÃ¬ sao váº­y, vÃ¬ há» biáº¿t ráº±ng náº¿u há» lÃ m sai cÃ¹ng láº¯m há» chuyá»ƒn sang vá»‹ trÃ­ cÃ´ng tÃ¡c khÃ¡c nhÆ°ng chá»©c cao hÆ¡n hoáº·c bá»‹ kiá»ƒm Ä‘iá»ƒm rÃºt kinh nghiá»‡m phÃª bÃ¬nh vÃ  tá»± phÃª bÃ¬nh. ChÆ°a cÃ³ cÆ¡ cháº¿ nÃ o Ä‘á»ƒ cho ngÆ°á»i dÃ¢n cÃ³ quyá»n háº¡ bá»‡ há» pháº£i tá»« chá»©c khi há» lÃ m sai cho nÃªn quan há» cÃ³ quyá»n coi thÆ°á»ng phÃ¡p luáº­t.

Táº¡i thÃ nh phá»‘ du lá»‹ch Háº¡ long 'NÆ¡i cáº§n Ä‘áº¿n vÃ  nÆ¡i Ä‘Ã¡ng sá»‘ng"", ""Há»™i tá»¥ trÃ­ tuá»‡ lan tá»a lá»£i Ã­ch"" cÅ©ng Ä‘Ã£ xáº£y ra biáº¿t bao vá»¥ tiÃªu cá»±c cÆ°á»¡ng cháº¿ thu há»“i Ä‘áº¥t trÃ¡i luáº­t Ä‘á»‹nh. Sau Ä‘Ã¢y lÃ  vá»¥ dá»± Ã¡n Ä‘á»“i thá»§y sáº£n cá»§a cÃ´ng y cá»• pháº§n 577 Ä‘Ã£ xáº£y ra táº¡i tá»• 6 khu 9B PhÆ°á»ng bÃ£i chÃ¡y TP Háº¡ Long Quáº£ng ninh lÃ  má»™t Ä‘iá»ƒn hÃ¬nh. Dá»± Ã¡n nÃ y khÃ´ng thuá»™c diá»‡n dá»± Ã¡n nhÃ  NÆ°á»›c thu há»“i Ä‘áº¥t vÃ¬ Ä‘Ã¢y lÃ  dá»± Ã¡n kinh doanh thu lá»i nhÆ°ng chá»§ tá»‹ch UBND TP Háº¡ Long Pháº¡m Há»“ng HÃ  ráº¥t nhiá»‡t tÃ¬nh thu há»“i Ä‘áº¥t, lÃ m thay cho doanh nghiá»‡p?.

fb Nguyá»…n VÄƒn Báº©y 
https://www.facebook.com/nguyen.vanbay.545/posts/230621970676828

[K]",114731331886956,22,video
2,91,2018-03-22 08:42:35.266885,2016-11-28 06:00:00+00:00,100,114731331886956_1566007116759363,1034,8,"""TÃ´i tháº¥y cÃ¡c Ã´ng lÃ m cÃ n quÃ¡ rá»“i Ä‘áº¥y. VÃ£i cáº£ cÃ¡i luáº­t ko Ä‘c mang tÃ i sáº£n cÃ¡ nhÃ¢n vÃ o phá»‘ Ä‘i bá»™ vÃ¬ nÃ³ lÃ  phá»‘ Ä‘i bá»™ chá»‰ dc Ä‘i bá»™. Tháº¿ cÃ¡c Ã´ng tháº¥y trong cÃ¡i phá»‘ cáº£ ngÃ n ngÆ°á»i ngÆ°á»i ta cÃ³ bao nhiÃªu tÃ i sáº£n cÃ¡ nhÃ¢n mang vÃ o. Xe Ä‘áº©y em bÃ©, xe Ä‘áº¡p em bÃ©, balÃ´... Quáº§n Ã¡o giÃ y dÃ©p cháº¯c k pháº£i lÃ  tÃ i sáº£n cÃ¡ nhÃ¢n háº£. Tháº¿ ai vÃ o phá»‘ giá» máº·c Ä‘á»“ pháº£i lá»™t ra Ã ......

Chuyá»‡n lÃ  1 a quáº£n lÃ½ cá»§a nhÃ  hÃ ng á»Ÿ phá»‘ Ä‘i bá»™ cÃ³ má»i nhÃ³m H vá» hÃ¡t. NhÆ°ng do hnay nhÃ  a áº¥y cÃ³ tang nÃªn ko cÃ³ máº·t á»Ÿ Ä‘Ã¢y. Vá»«a Ä‘áº·t cÃ¡i loa trÆ°á»›c nhÃ  hÃ ng thÃ¬ máº¥y a cÃ¡n bá»™ nÃ³i ko cho hÃ¡t vÃ  Ä‘á» nghá»‹ Ä‘em loa ra khá»i phá»‘. NhÆ°ng nÆ¡i ctÃ´i Ä‘áº·t loa ko pháº£i khu vá»±c phá»‘ nhÆ°ng cÃ¡c a áº¥y váº«n yÃªu cáº§u mang ra khá»i phá»‘ trong khi ctÃ´i ko cÃ³ sá»­ dá»¥ng Ä‘á»ƒ hÃ¡t hay má»Ÿ nháº¡c. Sau Ä‘Ã³ a e ctÃ´i kÃ©o loa vá», vÃ  trÃªn Ä‘Æ°á»ng qua bÃ£i giá»¯ xe thÃ¬ báº¯t buá»™c pháº£i Ä‘i qua phá»‘. Váº­y mÃ  khi ctÃ´i vá»«a kÃ©o Ä‘c tá»›i giá»¯a phá»‘ thÃ¬ bá»‹ cháº·n láº¡i vÃ  Ä‘Ã²i tá»‹ch thu mÃ  ko cÃ³ lÃ½ do chÃ­nh Ä‘Ã¡ng. CÅ©ng may cÃ³ sá»± chá»©ng kiáº¿n cá»§a ráº¥t nhiá»u ngÆ°á»i dÃ¢n nÃªn há» ko dÃ¹ng quyá»n lÃ m cÃ n Ä‘c vÃ  Ä‘á»ƒ ctÃ´i Ä‘i... Sau Ä‘Ã³ 1 a cÃ´ng an Ä‘Ã£ tá»›i gáº·p riÃªng t vÃ  yÃªu cáº§u xÃ³a video lÃºc Ä‘áº§u cÃ¡c a Ä‘Ã´ thá»‹ tráº¥n Ã¡p cÆ°á»¡ng cháº¿ Ä‘á»ƒ láº¥y loa. T Ä‘Ã£ xÃ³a clip Ä‘Ã³ nhÆ°ng cÃ²n clip nÃ y khÃºc sau khi ctÃ´i tranh luáº­n vá»›i há»....

Náº¿u tháº¥y chÃºng tÃ´i ko sai mn hÃ£y share vÃ  lÃªn tiáº¿ng. Thanks!!! ""

fb Tráº§n Quang HÃ¹ng 

[K]",114731331886956,5,video
3,56,2018-03-22 08:42:35.266885,2016-11-28 04:00:00+00:00,0,114731331886956_1565572750136133,273,4,"TRIá»†U Há»’I TIáº¾N KIM TIÃŠM

-------------

Liá»‡u cÃ³ ai ngÄƒn Ä‘Æ°á»£c nÆ°á»›c máº¯t hay khÃ´ng..?

Xin hÃ£y cáº§u nguyá»‡n cho bÃ© Ä‘Æ°á»£c vá» TÃ¢y PhÆ°Æ¡ng Cá»±c Láº¡c.

Nam MÃ´ A Di ÄÃ  Pháº­t.

Bá»‡nh viá»‡n Ä‘a khoa Ayun Pa (Gia Lai) Ä‘Ã£ táº¯c trÃ¡ch lÃ m thai nhi Ä‘á»™t ngá»™t tá»­ vong. Gia Ä‘Ã¬nh tá»‘ cÃ¡o bá»‡nh viá»‡n táº¯c trÃ¡ch. Tá»‘i ngÃ y 7/11/2016 chá»‹ Äáº·ng Thá»‹ Hiáº¿u chuyá»ƒn dáº¡, anh Nguyá»…n VÄƒn BÃ´ng chá»“ng chá»‹ hiáº¿u Ä‘Æ°a lÃªn bá»‡nh viá»‡n Ä‘a khoa Ayun Pa. Ná»¯ há»™ sinh HÆ°Æ¡ng nÃ³i  ""cÃ³ cáº§n cÃ´ há»— trá»£ hay khÃ´ng?""

Anh BÃ´ng tráº£ lá»i : ""náº¿u  cÃ´ há»— trá»£ giÃºp dÃ¹m gia Ä‘Ã¬nh xin háº­u táº¡"" 

Khoáº£ng 20 giá» ngÃ y 7/11/2016, anh BÃ´ng Ä‘Æ°a vá»£ vÃ o khoa sáº£n bá»‡nh viá»‡n Ä‘a khoa Ayun Pa Ä‘á»ƒ khÃ¡m gáº·p hai ná»¯ há»™ sinh tÃªn HÃ  vÃ  PhÆ°Æ¡ng trá»±c khoa sáº£n táº¡i Ä‘Ã¢y. 

ÄÆ°á»£c tin khoáº£ng 3g30 sÃ¡ng gia Ä‘Ã¬nh Ä‘Æ°á»£c bá»‡nh viá»‡n bÃ¡o tin thai nhi Ä‘á»™t ngá»™t tá»­ vong.

Gia Ä‘Ã¬nh chÃºng tÃ´i tá»›i bá»‡nh viá»‡n Ä‘a khoa Ayun Pa nhá» há»™ sinh vÃ  cÃ¡c bÃ¡c sÄ© Ä‘á»ƒ mong chá»‹ Hiáº¿u máº¹ trÃ²n con vuÃ´n. Tráº£ lá»i nhÃ  bÃ¡o vÃ  gia Ä‘Ã¬nh bÃ  giÃ¡m Ä‘á»‘c Nguyá»…n Thá»‹ QuyÃªn cho ráº±ng trÃ¡ch nhiá»‡m thuá»™c vá» cÃ¡c ná»¯ há»™ sinh. Gia Ä‘Ã¬nh tháº¥y bÃ  giÃ¡m Ä‘á»‘c QuyÃªn nÃ³i khÃ´ng há»£p lÃ­, vÃ´ trÃ¡ch nhiá»‡m. Gia Ä‘Ã¬nh chÃºng tÃ´i mong muá»‘n cÃ´ng an vÃ  cÃ¡c cÆ¡ quan chá»©c nÄƒng tá»‰nh Gia Lai vÃ o cuá»™c lÃ m rÃµ má»i chuyá»‡n Ä‘á»ƒ sau nÃ y nhá»¯ng trÆ°á»ng há»£p nhÆ° gia Ä‘Ã¬nh chÃºng tÃ´i khÃ´ng cÃ²n xáº£y ra ná»¯a.

(Fb Nguyá»…n MÃ£n Anh)

--------------

*NKYN biÃªn táº­p láº¡i cÃ¡c lá»—i chÃ­nh táº£ cÃ¢u tá»«.

[K]",114731331886956,55,video
4,40,2018-03-22 08:42:35.266885,2016-11-28 03:00:00+00:00,0,114731331886956_1565468180146590,259,2,"NÃ³i tiáº¿p vá»¥ NhÃ  mÃ¡y nhiá»‡t Ä‘iá»‡n VÄ©nh TÃ¢n I Ä‘Ã²i nháº¥n chÃ¬m tháº£i xuá»‘ng biá»ƒn!

HÃ´m 25.11, tá»©c sau gáº§n má»™t thÃ¡ng bá»‹ dÆ° luáº­n pháº£n Ä‘á»‘i quyáº¿t liá»‡t viá»‡c xin nháº¥n chÃ¬m hÆ¡n 1,5 triá»‡u m3 cháº¥t tháº£i váº­t liá»‡u sau náº¡o vÃ©t xuá»‘ng biá»ƒn VÄ©nh TÃ¢n, Bá»™ NN&PTNT Ä‘Ã£ gá»­i vÄƒn báº£n cho Bá»™ TÃ i MÃ´i yÃªu cáº§u tÃ¬m phÆ°Æ¡ng Ã¡n khÃ¡c thay tháº¿!

CÅ©ng cáº§n nÃ³i thÃªm, á»Ÿ má»™t diá»…n biáº¿t khÃ¡c lÃ  há»“i thÃ¡ng 9.2016, UBND BÃ¬nh Thuáº­n cÃ³ vÄƒn báº£n gá»­i Bá»™ NN&PTNT xin Ä‘iá»u chá»‰nh diá»‡n tÃ­ch Khu báº£o tá»“n biá»ƒn HÃ²n Cau, lÃ½ do lÃ½ tráº¥u lÃ  cÃ¡c dá»± Ã¡n cá»§a Trung tÃ¢m Äiá»‡n lá»±c VÄ©nh TÃ¢n vÃ  cáº£ng tá»•ng há»£p VÄ©nh TÃ¢n náº±m chá»“ng láº¥n lÃªn diá»‡n tÃ­ch biá»ƒn cá»§a Khu báº£o tá»“n HÃ²n Cau hÆ¡n 1.000 ha; xin Ä‘Æ°á»£c xem xÃ©t cho giáº£m 1.060 ha cá»§a khu báº£o tá»“n biá»ƒn nÃ y Ä‘á»ƒ nhÆ°á»ng láº¡i diá»‡n tÃ­ch cho cÃ¡c nhÃ  mÃ¡y nhiá»‡t Ä‘iá»‡n á»Ÿ VÄ©nh TÃ¢n. May quÃ¡, vá»¥ nÃ y Ä‘Ã£ bá»‹ bÃ¡c!

Â©http://plo.vn/â€¦/quyet-khong-cho-do-chat-thai-cat-dien-tich-â€¦
...

P/s: Há»•m cÃ³ báº¡n vÃ´ há»i vá» Äiá»‡n GiÃ³ á»Ÿ BÃ¬nh Thuáº­n, sáºµn nÃ³i luÃ´n Ä‘Ã¢y. NÆ¡i nÃ y bÃ¡n Ä‘iá»‡n cho luá»›i Ä‘iá»‡n Quá»‘c gia, giÃ¡ hÆ¡i cao vÃ¬ NN khÃ´ng trá»£ giÃ¡. Chá»‰ cáº§n so sÃ¡nh váº§y thÃ´i, má»™t bÃªn lÃ  Trung tÃ¢m Nhiá»‡t Ä‘iá»‡n VÄ©nh TÃ¢n vá»›i 5 nhÃ  mÃ¡y cá»±c ká»³ Ã´ nhiá»…m mÃ´i trÆ°á»ng vÃ  má»™t bÃªn lÃ  nÄƒng lÆ°á»£ng sáº¡ch (Ä‘iá»‡n giÃ³) thÃ¢n thiá»‡n nhÆ°ng khÃ´ng Ä‘Æ°á»£c nhá»¯ng Æ°u Ä‘Ã£i, cuá»‘i cÃ¹ng VÄ©nh TÃ¢n váº«n lÃ  sá»‘ 1 ;v

- HÃ¬nh: Khu báº£o tá»“n biá»ƒn HÃ²n Cau tá»©c CÃ¹ lao CÃ¢u thuá»™c vÃ¹ng biá»ƒn huyá»‡n Tuy Phong (BÃ¬nh Thuáº­n) Ä‘Æ°á»£c thÃ nh láº­p nháº±m duy trÃ¬ vÃ  báº£o vá»‡ tÃ i nguyÃªn biá»ƒn, báº£o vá»‡ Ä‘a dáº¡ng sinh há»c vÃ  nÆ¡i quáº§n cÆ° cá»§a cÃ¡c loÃ i sinh váº­t. Äá»“ng thá»i báº£o vá»‡ mÃ´i trÆ°á»ng, phÃ¡t triá»ƒn kinh táº¿ vÃ  du lá»‹ch sinh thÃ¡i; quáº£n lÃ½ vÃ  sá»­ dá»¥ng bá»n vá»¯ng nguá»“n lá»£i háº£i sáº£n. ÄÆ°á»£c xÃ¡c láº­p diá»‡n tÃ­ch lÃ  12.500 ha. Â©clip xem rÃ¹a Ä‘áº» vÃ  háº£i sÃ¢m á»Ÿ HÃ²n Cau do anh PhÆ°Æ¡ng Nam quay láº¡i 

fb LÃª Nguyá»…n HÆ°Æ¡ng TrÃ  

[K]",114731331886956,9,video
5,3,2018-03-22 08:42:35.266885,2016-11-27 08:00:00+00:00,468,114731331886956_1564949703531771,967,7,"Tin tÆ°Ìc traÌ€n trÃªÌ€ thÃ´Ìng thiÃªÌt thÆ°Æ¡ng thaÌ‰m thÆ°Æ¡ng taÌ£o thaÌ€nh truyÃªÌ€n thÃ´Ìng tÆ°Ìc tÆ°Æ¡Ì‰i  tÆ°Ì€ ta tiÃªÌp tuÌ£c tÆ¡Ìi TriÃªÌ€u TiÃªn tÆ°Ì€ tÆ°Ì€ tÄƒng....

fb Cuong Nguyen 

Mion",114731331886956,6,video
6,9,2018-03-22 08:42:35.266885,2016-11-27 07:00:00+00:00,990,114731331886956_1564944590198949,1681,32,"CoÌ nhÆ°Ìƒng phaÌt biÃªÌ‰u Ä‘aÌƒ trÆ¡Ì‰ thaÌ€nh bÃ¢Ìt tÆ°Ì‰ nhÆ° thÃªÌ naÌ€y Ä‘Ã¢y
.......

Havana, Cuba 28/12/2009

Nguyá»…n Minh Triáº¿t: ""CÃ³ ngÆ°á»i vÃ­ von, Viá»‡t Nam Cuba nhÆ° lÃ  trá»i Ä‘áº¥t sinh ra. Má»™t anh á»Ÿ phÃ­a Ä‘Ã´ng, má»™t anh á»Ÿ phÃ­a tÃ¢y. ChÃºng ta thay nhau canh giá»¯ hÃ²a bÃ¬nh cho tháº¿ giá»›i. Cuba thá»©c thÃ¬ Viá»‡t Nam ngá»§, Viá»‡t Nam gÃ¡c thÃ¬ Cuba nghá»‰ ""

fb XÃ¬ Trum 8

Mion",114731331886956,12,video
7,2,2018-03-22 08:42:35.266885,2016-11-27 06:04:00+00:00,163,114731331886956_1564936296866445,1072,28,"Cá»™ng Ä‘á»“ng thÃ nh phá»‘ Hialeah (thuá»™c quáº­n Miami-Dade, tiá»ƒu bang Florida, Má»¹) Äƒn má»«ng sau khi  tin tá»©c vá» cÃ¡i cháº¿t cá»§a Fidel Castro Ä‘Æ°á»£c loan bÃ¡o.

fb Miami Herald thu hiÌ€nh trÆ°Ì£c tiÃªÌp

[K]",114731331886956,1,video
8,4,2018-03-22 08:42:35.266885,2016-11-27 01:00:00+00:00,196,114731331886956_1564439796916095,775,7,"- NÄƒm 1969, Fidel Castro Ä‘áº¿n viáº¿ng thÄƒm Ä‘Ã¡m tang cá»§a chá»§ tá»‹ch HCM. Xem thÆ°á»›c phim nÃ y Ä‘á»ƒ quan sÃ¡t thÃ¡i Ä‘á»™ cá»§a Ã´ng GiÃ¡p, Ã´ng Duáº©n vÃ  Ã´ng Äá»“ng vÃ  cÃ¡c em thiáº¿u nhi :)

- Vá» cÃ¡c thÆ°á»›c phim tÆ° liá»‡u tuyÃªn truyá»n cho Báº¯c Viá»‡t, háº§u háº¿t cÃ³ xuáº¥t xá»© tá»« Cuba.

- 1 thÃ´ng tin thÃªm: cáº£ Ã´ng HCM vÃ  Fidel Ä‘á»u mong muá»‘n há»a tÃ¡ng sau khi máº¥t, Ã´ng Fidel Ä‘Æ°á»£c toáº¡i nguyá»‡n - sáº½ há»a tÃ¡ng, cÃ²n Ã´ng HCM sau gáº§n 1 TK váº«n chÆ°a Ä‘Æ°á»£c thá»a Æ°á»›c nguyá»‡n vÃ¬ lÃ½ do gÃ¬ thÃ¬ bÃ  con biáº¿t rá»“i 

fb Ann Äá»—

[K]",114731331886956,5,video
9,86,2018-03-22 08:42:35.266885,2016-11-26 16:22:25+00:00,2,114731331886956_1564392206920854,328,3,"NgÆ°á»i quay video phá»ng váº¥n bÃ  con tiá»ƒu thÆ°Æ¡ng chá»£ Táº¥n TÃ i ( thÃ nh phá»‘ Phan Rang - ThÃ¡p ChÃ m, tá»‰nh Ninh Thuáº­n ) Ä‘Ã£ bá»‹ gá»i lÃªn cÃ´ng an thu Ä‘iá»‡n thoáº¡i, Ä‘e dá»a vÃ  Ä‘Ã¡nh Ä‘áº­p.

TrÆ°á»›c sá»± pháº£n Ä‘á»‘i gay gáº¯t cá»§a cÃ¡c tiá»ƒu thÆ°Æ¡ng, lÃ£nh Ä‘áº¡o thÃ nh phá»‘ Ä‘Ã£ rÃºt quyáº¿t Ä‘á»‹nh Ä‘Ã³ng cá»­a chá»£ há»“i thÃ¡ng 3/2016, nhÆ°ng Ä‘áº¿n thÃ¡ng 11/2016 láº¡i quyáº¿t Ä‘á»‹nh cÆ°á»¡ng cháº¿ buá»™c bÃ  con pháº£i dá»i Ä‘áº¿n má»™t chá»£ do má»™t cÃ´ng ty tÆ° nhÃ¢n sá»Ÿ há»¯u.

http://nld.com.vn/kinh-te/lanh-dao-tp-phan-rang-thap-cham-rut-quyet-dinh-dong-cua-cho-20160311155106694.htm H.S:",114731331886956,17,video
10,185,2018-03-22 08:42:35.266885,2016-11-23 15:00:00+00:00,4,114731331886956_1560708207289254,583,3,"CÃ”NG AN Tá»ˆNH ÄÄ‚K NÃ”NG ÄÃNH DÃ‚N TRá»ŒNG THÆ¯Æ NG

HÃ´m nay 22/11/2016, chá»‹ LÃª Thá»‹ ThÃ¬n lÃ  vá»£ anh VÃµ HÆ°á»›ng Ä‘áº¿n nhá» tÃ´i tá»‘ cÃ¡o viá»‡c chá»“ng chá»‹ bá»‹ CÃ´ng an huyá»‡n Tuy Äá»©c, tá»‰nh ÄÄƒk NÃ´ng Ä‘Ã¡nh trá»ng thÆ°Æ¡ng Ä‘ang cáº¥p cá»©u táº¡i Bá»‡nh viá»‡n Chá»£ Ráº«y hÆ¡n 10 ngÃ y nay.

Qua tÃ¬m hiá»ƒu chá»‹ ThÃ¬n cho biáº¿t: ngÃ y 10/11/2016, CÃ´ng an huyá»‡n Tuy Äá»©c má»i anh VÃµ HÆ°á»›ng Ä‘Ãºng 14 giá» Ä‘áº¿n trá»¥ sá»Ÿ lÃ m viá»‡c. Äáº¿n 16 giá» cÃ¹ng ngÃ y thÃ¬ chá»‹ ThÃ¬n nháº­n Ä‘Æ°á»£c tin bÃ¡o chá»“ng chá»‹ Ä‘ang cáº¥p cá»©u táº¡i Bá»‡nh viá»‡n huyá»‡n Tuy Äá»©c.

Khi hay tin chá»‹ ThÃ¬n láº­p tá»©c Ä‘áº¿n bá»‡nh viá»‡n thÃ¬ tháº¥y anh HÆ°á»›ng Ä‘ang náº±m trÃªn giÆ°á»ng cáº¥p cá»©u vá»›i tÃ¬nh tráº¡ng toÃ n thÃ¢n co giáº­t, miá»‡ng phÃ¨o nÆ°á»›c bá»t. VÃ¬ sá»©c khá»e anh HÆ°á»›ng nguy ká»‹ch nÃªn Bá»‡nh viá»‡n huyá»‡n Tuy Äá»©c chuyá»ƒn anh HÆ°á»›ng Ä‘áº¿n Bá»‡nh viá»‡n Chá»£ Ráº«y á»Ÿ SÃ i GÃ²n Ä‘á»ƒ Ä‘iá»u trá»‹.

Hai ngÃ y sau thÃ¬ anh HÆ°á»›ng tá»‰nh dáº­y ká»ƒ cho chá»‹ ThÃ¬n vÃ  nhiá»u ngÆ°á»i nghe sá»± viá»‡c nhÆ° sau: CÃ´ng an huyá»‡n Tuy Äá»©c Ä‘ang Ä‘iá»u tra Ã´ng Hiá»ƒn ghi sá»‘ Ä‘á», trong Ä‘iá»‡n thoáº¡i Ã´ng Hiá»ƒn cÃ³ lÆ°u tÃªn Huong So, vÃ¬ nghi ngá» Huong So lÃ  tÃªn anh HÆ°á»›ng nÃªn CÃ´ng an má»i anh HÆ°á»›ng Ä‘áº¿n lÃ m viá»‡c.

Khi vÃ o trá»¥ sá»Ÿ CÃ´ng an huyá»‡n Tuy Äá»©c, anh HÆ°á»›ng gáº·p cÃ´ng an Nguyá»…n TrÃ­ Sá»¹ há»i vá» sá»‘ Ä‘iá»‡n thoáº¡i rá»“i Ä‘Ã¡nh anh HÆ°á»›ng 1 cÃ¡i vÃ o máº·t, sau Ä‘Ã³ gá»i Ã´ng Hiá»ƒn Ä‘áº¿n Ä‘á»‘i chá»©ng, nhÆ°ng Ã´ng Hiá»ƒn nÃ³i Huong So lÃ  tÃªn má»™t ngÆ°á»i Ä‘Ã n Ã´ng trÃªn 50 tuá»•i chá»© khÃ´ng pháº£i lÃ  anh HÆ°á»›ng.

Má»™t lÃºc sau thÃ¬ cÃ´ng an tÃªn PhÃ¹ng Danh Quáº£ng vÃ o phÃ²ng lÃ m viá»‡c, Ã´ng Quáº£ng báº£o Ã´ng Sá»¹ ra ngoÃ i láº¥y cÃ²ng sá»‘ 8 cÃ²ng tay anh HÆ°á»›ng lÃªn cá»­a sá»•, vÃ¬ cho ráº±ng anh HÆ°á»›ng cá»©ng Ä‘áº§u khÃ´ng nháº­n tá»™i. Khi Ã´ng Sá»¹ vá»«a Ä‘i ra ngoÃ i thÃ¬ Ã´ng Quáº£ng Ä‘Ã³ng táº¥t cáº£ cÃ¡c cá»­a phÃ²ng lÃ m viá»‡c láº¡i. Báº¥t ngá» tá»« phÃ­a sau Ã´ng Quáº£ng dÃ¹ng tay Ä‘Ã¡nh nhiá»u cÃ¡i vÃ o Ä‘áº§u anh HÆ°á»›ng, lÃ m anh HÆ°á»›ng ngáº¥t xá»‰u.

Chá»‰ vÃ¬ nghi ngá» trong tin nháº¯n Ä‘iá»‡n thoáº¡i cá»§a ngÆ°á»i ghi sá»‘ Ä‘á» cÃ³ lÆ°u tÃªn Huong So mÃ  cÃ´ng an huyá»‡n Tuy Äá»©c má»i anh VÃµ HÆ°á»›ng Ä‘áº¿n lÃ m viá»‡c vÃ  Ä‘Ã¡nh Ä‘áº¿n trá»ng thÆ°Æ¡ng lÃ  pháº¡m tá»™i DÃ¹ng nhá»¥c hÃ¬nh.

Äá» nghá»‹ Cá»¥c Ä‘iá»u tra Viá»‡n kiá»ƒm sÃ¡t nhÃ¢n dÃ¢n Tá»‘i cao sá»›m vÃ o cuá»™c vÃ  khá»Ÿi tá»‘ nhá»¯ng viÃªn CÃ´ng an Ä‘Ã¡nh anh VÃµ HÆ°á»›ng Ä‘áº¿n trá»ng thÆ°Æ¡ng.

fb ÄÃ´n An VÃµ

* Clip liÃªn quan Ä‘áº¿n vá»¥ viá»‡c mÃ  NKYN tá»«ng Ä‘Äƒng táº£i : https://www.facebook.com/nhatkyyeunuoc1/videos/1551475151545893/

[K]",114731331886956,32,video
11,394,2018-03-22 08:42:35.266885,2016-11-23 11:00:00+00:00,43,114731331886956_1560621503964591,2141,25,"Cá» Ä‘á» sao vÃ ng rá»“i cÅ©ng pháº£i chÃ¬m thÃ´i....

VÃ¬  ...
Cáº£nh sÃ¡t kiá»ƒm ngÆ° VN hoÃ n thÃ nh nhiá»‡m vá»¥ Ä‘Ã¢m chÃ¬m tÃ u cá»§a ngÆ° dÃ¢n Viá»‡t Nam !!!

Kili",114731331886956,131,video
12,88,2018-03-22 08:42:35.266885,2016-11-22 16:04:00+00:00,153,114731331886956_1559614844065257,813,9,"ChÆ°a tá»›i 2 thÃ¡ng mÃ  la lÃ ng rá»“i Ã , bÃ  con á»Ÿ Ä‘Ã¢y khÃ´ng biáº¿t kiÃªn nháº«n lÃ  gÃ¬ cáº£ nha.

CÆ¡ mÃ  nhÃ¬n láº¡i cÃ¡i Ä‘Æ°á»ng cá»‘ng nÃ y cÅ©ng hay nÃ¨. LÃ m cá»‘ng giá» cÅ©ng dá»… quÃ¡ chá»©, Ä‘Ã¢u cáº§n Ä‘Ã o Ä‘Æ°á»ng. Cá»© Ä‘áº·t cÃ¡i á»‘ng trÃªn máº·t Ä‘áº¥t rá»“i nÃ¢ng cao máº·t Ä‘Æ°á»ng qua khá»i cÃ¡i á»‘ng. Tháº¿ lÃ  ta cÃ³ cá»‘ng má»›i vÃ  Ä‘Æ°á»ng má»›i rá»“i, cÃ²n ná»n nhÃ  dÃ¢n tháº¥p hÆ¡n á»‘ng cá»‘ng thÃ¬ ká»‡ máº¹.

Ã”i tuyá»‡t vá»i 24 ngÃ n tiáº¿n sÄ© ká»¹ sÆ° VN.

fb  DÅ©ng Äinh.

[K]",114731331886956,15,video
13,105,2018-03-22 08:42:35.266885,2016-11-22 14:00:00+00:00,6,114731331886956_1559602040733204,537,0,"SÃ¡ng nay á»§y ban nhÃ¢n dÃ¢n xÃ£ VÄ©nh tÃ¢n váº£ huyá»‡n vinh cá»­u tá»‰nh Ä‘á»“ng Nai Ä‘Ã£ Ä‘ua lá»±c lÆ°Æ¡ng caÌc ban ngaÌ€nh Ä‘á»ƒ cÆ°á»›p chá»£ VÄ©nh tÃ¢n tÃ¢n nguá»“n sá»‘ng cá»§a dÃ¢n

(Fb Nguyá»…n Máº§u)

Trong cÃ¡c lá»±c lÆ°á»£ng tham gia cÆ°á»¡ng cháº¿ cÃ³ cáº£ mÃ u Ã¡o cá»§a ÄoÃ n thanh niÃªn cá»™ng sáº£n

[K]",114731331886956,20,video
14,3,2018-03-22 08:42:35.266885,2016-11-22 12:00:00+00:00,33,114731331886956_1559459004080841,1744,177,"TRáº¢ Láº I CHO DÃ‚N phiÃªn báº£n há»c sinh PhÃº YÃªn  <3 <3 <3

st
Kili",114731331886956,2,video
15,738,2018-03-22 08:42:35.266885,2016-11-22 07:00:00+00:00,9,114731331886956_1559233864103355,2316,21,"Cáº§n lÃªn Ã¡n vá» hÃ nh Ä‘á»™ng cá»§a tÃ u kiÃªÌ‰m ngÆ° vá» sáº¯t sá»‘ hiá»‡u TH 0002 KN cá»§a tá»‰nh Thanh HÃ³a Ä‘Ã£ Ä‘Ã¢m chÃ¬m tÃ u cÃ¡ cá»§a ngÆ° dÃ¢n XÃ£ Háº£i BÃ¬nh huyá»‡n TÄ©nh Gia, tá»‰nh Thanh HÃ³a vÃ o ngÃ y 16/11/2016. 

ÄÃ¢y lÃ  toÃ n bá»™ video hÃ¬nh áº£nh ghi láº¡i cáº£nh tÃ u vá» sáº¯t cá»§a Kiá»ƒm ngÆ° Thanh HoÃ¡ Ä‘Ã¢m chÃ¬m tÃ u cÃ¡ vÃ¬ cho ráº±ng tÃ u cÃ¡ nÃ y vi pháº¡m. HÃ nh Ä‘á»™ng dÃ£ man vÃ´ nhÃ¢n Ä‘áº¡o cá»§a tÃ u vá» sáº¯t, mong má»i ngÆ°á»i chia sáº½ rá»™ng hÆ¡n Ä‘á»ƒ Ä‘Ã²i láº¡i cÃ´ng báº±ng cho ngÆ°á»i dÃ¢n ngÃ y Ä‘Ãªm bÃ¡m biá»ƒn !

fb Duong Thanh 

[K]",114731331886956,98,video
16,8,2018-03-22 08:42:35.266885,2016-11-21 14:00:00+00:00,69,114731331886956_1558528537507221,683,3,"DÃ¢n nghÃ¨o thá»ƒ hiá»‡n quan Ä‘iá»ƒm vá» chuyá»‡n quy Ä‘á»‹nh xe chÃ­nh chá»§.
HÃ£y nghe anh áº¥y nÃ³i sau khi Ä‘Ã£ lÃªn há»i cÃ¡c chÃº cÃ´ng an.

fb Nguyen ChÃ­ Tuyen / Nguá»“n: Hai Hau Phuong 

[K]",114731331886956,31,video
17,154,2018-03-22 08:42:35.266885,2016-11-21 02:04:00+00:00,2,114731331886956_1557917447568330,692,3,"Chiá»u 20/11 chÃºng tÃ´i Ä‘i trÃªn biá»ƒn theo dÃµi vÃ  thÃ¬ phÃ¡t hiá»‡n Ä‘Æ°á»£c cÃ³ má»™t chiáº¿c tÃ u cÃ³ kÃ½ hiá»‡u (HN-1111)khÃ´ng biáº¿t thuá»™c cÃ´ng ty nÃ o. ÄÃ£ chá»Ÿ hÃ ng trÄƒm táº¥n cháº¥t tháº£i vÃ  Ä‘ang trÃªn Ä‘Ã  xáº£ thÃ£i táº¡i vÃ¹ng biá»ƒn vÅ©ng Ã¡ng cÃ¡ch Ä‘áº£o sÆ¡n dÆ°Æ¡ng.. 3,2 lÃ½ theo hÆ°á»›ng Ä‘Ã´ng nam. VÃ  hiá»‡n váº«n Ä‘ag tiáº¿p tá»¥c xÃ£ tháº£i xuá»‘ng vÃ¹ng biá»ƒn Ä‘áº£o sÆ¡n dÆ°Æ¡ng.. 

Theo nhÆ° chÃºng tÃ´i Ä‘Æ°á»£c biáº¿t,cháº¥t tháº£i mÃ  tÃ u nÃ y Ä‘ang xáº£ tháº£i nÃ³ ráº¥t báº©n. NÃ³ cÃ³ mÃ¹i ráº¥t thá»‘i vÃ  khÃ³ chá»‹u ná»¯a..tháº¿ nÃ y thÃ¬ biá»ƒn miá»n trung (HÃ  tÄ©nh) chÃºng tÃ´i khi nÃ o vÃ  bao giá» má»›i sáº¡ch Ä‘Æ°á»£c.. biáº¿t khi nÃ o con ngÆ°á»i miá»n trung cá»§a chÃºng tÃ´i má»›i Ä‘Æ°á»£c bÃ¬nh an vÃ  an tÃ¢m Ä‘á»ƒ bÃ¡m biá»ƒn..

P/s: mong má»i ngÆ°á»i share rá»™ng rÃ£i...!

(Fb HÃ¹ng Nguyá»…n)

[K]",114731331886956,37,video
18,13,2018-03-22 08:42:35.266885,2016-11-21 01:03:00+00:00,2,114731331886956_1557912297568845,196,2,"Trong quÃ¡ trÃ¬nh Ä‘iá»u tra vá» Ä‘áº§u má»‘i buÃ´n lÃ¢Ì£u cÃ¡c sáº£n pháº©m tá»« Ä‘Ã´Ì£ng vÃ¢Ì£t hoang dÃ£ táº¡i lÃ ng Nhá»‹ KhÃª, cÃ¡ch HÃ  NÃ´Ì£i khoáº£ng 20km vá» phÃ­a nam, cÃ¡c Ä‘iá»u tra viÃªn cá»§a á»¦y ban CÃ´ng lÃ½ ÄÃ´Ì£ng vÃ¢Ì£t Hoang dÃ£ (Wildlife Justice Commission - WJC) phÃ¡t hiÃªÌ£n tháº¥y lÆ°á»£ng lá»›n sá»«ng tÃª vÃ  ngÃ  voi Ä‘Æ°á»£c chÃ o bÃ¡n, giao dá»‹ch táº¡i Ä‘Ã¢y.

NÃ´Ì£i dung video Ä‘Æ°á»£c ghi lÃ©n nÃ y cho tháº¥y sá»«ng tÃª, ngÃ  voi Ä‘Æ°á»£c chÃ o hÃ ng cáº£ á»Ÿ dáº¡ng nguyÃªn chiáº¿c láº«n Ä‘Ã£ cháº¿ biáº¿n thÃ nh cÃ¡c sáº£n pháº©m cá»¡ nhá». ViÃªÌ£c cháº¿ biáº¿n Ä‘Æ°á»£c cho lÃ  Ä‘Ã£ diá»…n ra ngay táº¡i lÃ ng Nhá»‹ KhÃª.

BÃªn bÃ¡n cho biáº¿t há» sáºµn sÃ ng giao hÃ ng táº¡i nhá»¯ng Ä‘á»‹a Ä‘iá»ƒm khÃ¡c nhau á»Ÿ Trung Quá»‘c, vÃ  hoÃ n toÃ n chá»‹u trÃ¡ch nhiÃªÌ£m báº£o Ä‘áº£m an toÃ n cho viÃªÌ£c chuyá»ƒn hÃ ng qua biÃªn giá»›i, náº¿u bÃªn mua Ä‘ÄƒÌ£t hÃ ng Ä‘á»§ sá»‘ lÆ°á»£ng lá»›n.

CuÃ´Ì£c Ä‘iÃªÌ€u tra cuÌ‰a #WJCVietnam Ä‘Æ°Æ¡Ì£c thÆ°Ì£c hiÃªÌ£n trong thÆ¡Ì€i gian mÃ´Ì£t nÄƒm. #WJC noÌi hoÌ£ Ä‘aÌƒ trao bÄƒÌ€ng chÆ°Ìng cho ChiÌnh phuÌ‰ ViÃªÌ£t Nam vaÌ€o thaÌng 1/2016, nhÆ°ng chÃ­nh phá»§ váº«n ""khÃ´ng cÃ³ hÃ nh Ä‘Ã´Ì£ng quyáº¿t liÃªÌ£t nháº±m xÃ³a sá»• máº¡ng lÆ°á»›i tÃ´Ì£i pháº¡m nÃ y"".

Káº¿t quáº£ Ä‘iá»u tra trong vÃ²ng 12 thÃ¡ng cho tháº¥y chá»‰ riÃªng Nhá»‹ KhÃª cÃ³ lÆ°á»£ng sáº£n pháº©m liÃªn quan tá»›i 579 con tÃª giÃ¡c bá»‹ buÃ´n bÃ¡n báº¥t há»£p phÃ¡p, tÆ°Æ¡ng Ä‘Æ°Æ¡ng vá»›i gáº§n 50% tá»•ng sá»‘ tÃª giÃ¡c bá»‹ sÄƒn báº¯n trÃ´Ì£m táº¡i Nam Phi trong nÄƒm 2015.

BÃªn cáº¡nh Ä‘Ã³, lÆ°á»£ng hÃ ng mÃ  WJC Ä‘iá»u tra Ä‘Æ°á»£c cho tháº¥y cÃ³ liÃªn quan tá»›i 907 con voi vÃ  225 con há»•.

Theo WJC, Ä‘Æ°á»ng dÃ¢y Nhá»‹ KhÃª liÃªn quan tá»›i viÃªÌ£c buÃ´n bÃ¡n, vÃ¢Ì£n chuyá»ƒn trÃ¡i phÃ©p ""cÃ¡c bÃ´Ì£ phÃ¢Ì£n cÆ¡ thá»ƒ vÃ  cÃ¡c sáº£n pháº©m tá»« tÃª giÃ¡c, voi vÃ  há»• trá»‹ giÃ¡ 53,1 triÃªÌ£u Ä‘Ã´la Má»¹"" vÃ  nhiá»u loáº¡i Ä‘Ã´Ì£ng vÃ¢Ì£t quÃ½ hiáº¿m khÃ¡c, vá»›i sá»± tham gia cá»§a 51 thÃ nh viÃªn. KhÃ¡ch hÃ ng tiÃªu thá»¥ Ä‘Æ°á»£c xÃ¡c Ä‘á»‹nh chuÌ‰ yÃªÌu lÃ  tá»« Trung Quá»‘c.

fb BBC Vietnamese

[K]",114731331886956,13,video
19,73,2018-03-22 08:42:35.266885,2016-11-20 06:00:00+00:00,4,114731331886956_1556949357665139,968,9,"[CÃ¡c báº¡n hÃ£y á»§ng há»™ bá»™ phim náº§y]
Ná»–I ÄAU Máº¤T Äáº¤T lÃ  má»™t pháº§n cá»§a bá»™ phim phÃ³ng sá»± - tÃ i liá»‡u VÆ¯á»¢T QUA Ná»–I Sá»¢ HÃƒI.
BLEEDING LANDS is a part of the documentary series OVERCOME THE FEARS.
Do nghá»‡ sá»¹ Kim Chi vÃ  HÃ©lÃ¨na Lee cÃ¹ng má»™t sá»‘ ngÆ°á»i yÃªu chuá»™ng hoÃ  bÃ¬nh vÃ  cÃ´ng lÃ½ cho dÃ¢n Viá»‡t thá»±c hiá»‡n. Ná»—i Äau Máº¥t Äáº¥t lÃ  bá»©c tranh toÃ n cáº£nh cá»§a nhá»¯ng vá»¥ cÆ°á»¡ng cháº¿ Ä‘áº¥t xáº£y ra trÃªn kháº¯p má»i miá»n cá»§a Ä‘áº¥t nÆ°á»›c. 
Produced by artist Kim Chi and HÃ©lÃ¨na Lee and friends who are passionate in the search for peace and justice to the Vietnamese people. BLEEDING LANDS is the panoramic view of the land confiscation miseries occurring in all regions of Vietnam.
30 phÃºt cÃ³ thá»ƒ lÃ  quÃ¡ dÃ i Ä‘á»ƒ báº¡n ká»‹p lÆ°á»›t máº¯t qua trÃªn trang Facebook. NhÆ°ng nÃ³ láº¡i ngáº¯n vÃ´ cÃ¹ng so vá»›i khá»‘i lÆ°á»£ng phim khá»•ng lá»“ mÃ  nÃ³ Ä‘Æ°á»£c gáº¡n lá»c. NÃ³ cÅ©ng ngáº¯n vÃ´ cÃ¹ng so vá»›i hÃ ng triá»‡u giá» Ä‘au khá»• mÃ  nhá»¯ng ngÆ°á»i dÃ¢n oan bá»‹ cÆ°á»›p Ä‘áº¥t Ä‘Ã£ pháº£i tráº£i qua.
30 minutes may be too long for a glance on Facebook. But it is too short compared to the huge numbers of footage being extracted from. It is also too short compared to the million painful hours that the poor people who lost their lands have been suffering.
Cáº¥n Thá»‹ ThÃªu vÃ  DÆ°Æ¡ng Ná»™i, ÄoÃ n VÄƒn VÆ°Æ¡n vÃ  TiÃªn LÃ£ng lÃ  hai trÆ°á»ng há»£p Ä‘iá»ƒn hÃ¬nh. 
Can Thi theu and Duong Noi, Doan Van Vuon and Tien Lang are the two highlighted cases.
ÄÃ¢y khÃ´ng pháº£i lÃ  nhá»¯ng thÆ°á»›c phim hoÃ n háº£o vÃ¬ nÃ³ Ä‘Æ¡n thuáº§n Ä‘Æ°á»£c quay láº¡i bá»Ÿi cÃ¡n náº¡n nhÃ¢n trong cuá»™c, nhÆ°ng nhá»¯ng thÆ°á»›c phim nÃ y lÃ  vÃ´ giÃ¡ bá»Ÿi nÃ³ Ä‘Æ°á»£c tráº£ báº±ng mÃ¡u cá»§a chÃ­nh há».
These are not perfect footage because they were simply recorded by the victims of the cases. But they are priceless for being paid by their own bloods.

Kili",114731331886956,94,video
20,314,2018-03-22 08:42:35.266885,2016-11-20 05:00:00+00:00,67,114731331886956_1556756317684443,1544,12,"~16h 19/11/2016: MÃ y chá»‰ ai = CÃ´ng an Ä‘Ã¡nh dÃ¢n... ( báº£n HD )

VÃ o lÃºc 16:00 19/11/2016 Anh PhÆ°Æ¡ng cháº¡y xe Ä‘Ãºng quy Ä‘á»‹nh khi bá»‹ chiáº¿n sÄ© cáº£nh sÃ¡t cÃ´ng an tráº­t tá»± Ä‘á» nghá»‹ dá»«ng xe kiá»ƒm tra. do khÃ´ng vi pháº¡m luáº­t Ä‘iá»u khiá»ƒn phÆ°Æ¡ng tiá»‡n. anh cÃ´ng an khÃ´ng Ä‘Æ°a ra lÃ½ do vá» lá»—i vi pháº¡m. yÃªu cáº§u anh PhÆ°Æ¡ng xuáº¥t trÃ¬nh giáº¥y tá» tÃ¢m lÃ½ sá»£ anh cáº£nh sÃ¡t gá»¯i giáº¥y tá» nÃªn anh phÆ°Æ¡ng Ä‘Ã£ yÃªu cáº§u anh cáº£nh sÃ¡t cam káº¿t khÃ´ng giá»¯ giáº¥y tá» náº¿u khÃ´ng vi pháº¡m, káº¿t qá»§a bá»‹ anh cáº£nh sÃ¡t Ä‘Ã¡nh vÃ  Ä‘áº¡p Ä‘iá»‡n thoáº¡i, thuÃª giang há»“ uy hiáº¿p anh áº¥y.

fb XÃ¬ Trum 8

[K]",114731331886956,15,video
21,0,2018-03-22 08:42:35.266885,2016-11-20 03:00:00+00:00,215,114731331886956_1556729917687083,1251,22,"Bá»n dÃ¢n Malaysia nháº¹ dáº¡ cáº£ tin, Ä‘á»ƒ cho bá»n Malay TÃ¢n xÃºi dá»¥c, kÃ­ch Ä‘á»™ng biá»ƒu tÃ¬nh Ä‘Ã²i Thá»§ TÆ°á»›ng Najip Razak tá»« chá»©c. ChÃºng cÃ²n dÃ¡m vu khá»‘ng cho Ã´ng dÃ­nh lÃ­u quan Ä‘áº¿n tham nhÅ©ng, dÃ¡m ngang nhiÃªn cÃ¡o buá»™c Ä‘ang bÃ¡n ráº» Malaysia cho Trung cá»™ng.
Vá»›i khoáº£ng 30.000 ngÆ°á»i biá»ƒu tÃ¬nh tháº¿ nÃ y, dá»± tÃ­nh lÃ  bá»n Malay TÃ¢n cÅ©ng pháº£i tiÃªu tá»‘n má»™t sá»‘ tiá»n khá»•ng lá»“ Ä‘á»ƒ giáº­t dÃ¢y. Chá»©ng tá» bá»n Malay TÃ¢n nÃ y chá»‹u chÆ¡i hÆ¡n máº¥y Ã´ng Viá»‡t TÃ¢n bÃªn Má»¹.  :v :v

Video: Nicole Tan Lee Koonï¼ˆé™³éº—ç¾¤)
fb Trung NghÄ©a
Kili",114731331886956,1,video
22,35,2018-03-22 08:42:35.266885,2016-11-19 12:28:00+00:00,1,114731331886956_1555693281124080,581,8,"Xuáº¥t báº£n 18/11/2016
Ná»–I ÄAU Máº¤T Äáº¤T lÃ  má»™t pháº§n cá»§a bá»™ phim phÃ³ng sá»± - tÃ i liá»‡u VÆ¯á»¢T QUA Ná»–I Sá»¢ HÃƒI.

Do nghá»‡ sá»¹ Kim Chi vÃ  HÃ©lÃ¨na Lee cÃ¹ng má»™t sá»‘ ngÆ°á»i yÃªu chuá»™ng hoÃ  bÃ¬nh vÃ  cÃ´ng lÃ½ cho dÃ¢n Viá»‡t thá»±c hiá»‡n. Ná»—i Äau Máº¥t Äáº¥t lÃ  bá»©c tranh toÃ n cáº£nh cá»§a nhá»¯ng vá»¥ cÆ°á»¡ng cháº¿ Ä‘áº¥t xáº£y ra trÃªn kháº¯p má»i miá»n cá»§a Ä‘áº¥t nÆ°á»›c. 

30 phÃºt cÃ³ thá»ƒ lÃ  quÃ¡ dÃ i Ä‘á»ƒ báº¡n ká»‹p lÆ°á»›t máº¯t qua trÃªn trang Facebook. NhÆ°ng nÃ³ láº¡i ngáº¯n vÃ´ cÃ¹ng so vá»›i khá»‘i lÆ°á»£ng phim khá»•ng lá»“ mÃ  nÃ³ Ä‘Æ°á»£c gáº¡n lá»c. NÃ³ cÅ©ng ngáº¯n vÃ´ cÃ¹ng so vá»›i hÃ ng triá»‡u giá» Ä‘au khá»• mÃ  nhá»¯ng ngÆ°á»i dÃ¢n oan bá»‹ cÆ°á»›p Ä‘áº¥t Ä‘Ã£ pháº£i tráº£i qua.

Cáº¥n Thá»‹ ThÃªu vÃ  DÆ°Æ¡ng Ná»™i, ÄoÃ n VÄƒn VÆ°Æ¡n vÃ  TiÃªn LÃ£ng lÃ  hai trÆ°á»ng há»£p Ä‘iá»ƒn hÃ¬nh. 

ÄÃ¢y khÃ´ng pháº£i lÃ  nhá»¯ng thÆ°á»›c phim hoÃ n háº£o vÃ¬ nÃ³ Ä‘Æ¡n thuáº§n Ä‘Æ°á»£c quay láº¡i bá»Ÿi cÃ¡c náº¡n nhÃ¢n trong cuá»™c, nhÆ°ng nhá»¯ng thÆ°á»›c phim nÃ y lÃ  vÃ´ giÃ¡ bá»Ÿi nÃ³ Ä‘Æ°á»£c tráº£ báº±ng mÃ¡u cá»§a chÃ­nh há».

https://www.youtube.com/watch?v=-w_PeHoO7d8&feature=youtu.be
H.S: 19/11/2016",114731331886956,46,video
23,90,2018-03-22 08:42:35.266885,2016-11-19 11:00:00+00:00,9,114731331886956_1555849827775092,846,5,"Giáº£i phÃ³ng lÃ  nhÆ° tháº¿ náº§y pháº£i khÃ´ng cÃ¡c boÃ¡c Cá»™ng Sáº£n ? 

Clip: st
Kili",114731331886956,102,video
24,5,2018-03-22 08:42:35.266885,2016-11-19 10:00:00+00:00,225,114731331886956_1555848381108570,2611,97,"CÃ¡c báº¡n xem Ã´ng Trump ""gáº¡t tay vÃ o mÃ¡"" káº» Ä‘ang khiÃªu khÃ­ch Ã´ng ta nhÃ© :3 Sau Ä‘Ã³, Ã´ng Ä‘Æ°á»£c khÃ¡n giáº£ hÃ² reo á»§ng há»™. :3 :3 :3

st
Kili",114731331886956,5,video
25,2,2018-03-22 08:42:35.266885,2016-11-19 06:30:00+00:00,95,114731331886956_1555675247792550,312,3,"Nhá»¯ng chiáº¿c xe nÃ y chá»‰ cÃ²n cÃ³ thá»ƒ Ä‘Æ°a vÃ o viá»‡n báº£o tÃ ng thÃ´i ğŸ˜

Clip : Viá»‡t HoÃ ng

Mion.",114731331886956,2,video
26,179,2018-03-22 08:42:35.266885,2016-11-19 05:30:00+00:00,7,114731331886956_1555673401126068,679,0,"MÃ¬nh khÃ´ng hiá»ƒu Ä‘Ã¢y cÃ³ Ä‘Æ°á»£c gá»i lÃ  nghiá»‡p vá»¥ cá»§a CA hay khÃ´ng?! NgÆ°á»i thanh niÃªn trong clip khÃ´ng pháº£i tá»™i pháº¡m, cÅ©ng khÃ´ng cÃ³ hÃ nh Ä‘á»™ng hay lá»i nÃ³i gÃ¬ quÃ¡ Ä‘Ã¡ng, Ä‘á»“ng thá»i cÅ©ng cháº¥p hÃ nh cho kiá»ƒm tra giáº¥y tá». NhÆ°ng viÃªn CA vÃ  2 dÃ¢n phÃ²ng váº«n Ä‘áº­p Ä‘t vÃ  Ä‘Ã¡nh náº¡n nhÃ¢n!!

Náº¿u chÃºng ta im láº·ng, má»™t ngÃ y nÃ o Ä‘Ã³ sáº½ Ä‘áº¿n lÆ°á»£t chÃºng ta. GÃ³p chÃºt sá»©c chia sáº» Ä‘á»ƒ viÃªn CA kia pháº£i tráº£ lá»i trÆ°á»›c dÆ° luáº­n vá» hÃ nh vi cÃ´n Ä‘á»“ cá»§a mÃ¬nh.

""CÃ´ng an hay cÃ´n Ä‘á»“ cÃ¹ng dÃ¢n phÃ²ng Ä‘Ã¡nh dÃ¢n.

CÃ´ng an phÆ°á»ng XuÃ¢n An, TP Phan Thiáº¿t, tÃªn Nguyá»…n ÄoÃ n Báº£o TrÃ¢n, sá»‘ hiá»‡u 393 361, kiá»ƒm tra Ä‘áº§y Ä‘á»§ xong Ä‘áº­p Ä‘iá»‡n thoáº¡i dÃ¢n, thÃªm 2 dÃ¢n phÃ²ng Ä‘Ã¡nh dÃ¢n.""

(fb Háº£i ÄÄƒng)

[K]",114731331886956,8,video
27,0,2018-03-22 08:42:35.266885,2016-11-19 03:35:39+00:00,10,114731331886956_1555666374460104,383,12,"NgÆ°á»i bÃ¬nh thÆ°á»ng xem clip nÃ y thÃ¬ tháº¥y chá»‰ lÃ  máº¥y chiáº¿c xe xanh xanh Ä‘á» Ä‘á», ná»• Ã¹ Ã¹ áº§m áº§m nhÆ°ng vá»›i petrolhead nhÆ° mÃ¬nh, Ä‘Ã¢y lÃ  cáº£ 1 giáº¥c mÆ¡ kÃ©o dÃ i gáº§n 10 nÄƒm váº­y mÃ  chá»‰ sau 1 nÄƒm Ä‘Ã£ trá»Ÿ thÃ nh hiá»‡n thá»±c sau khi Ä‘áº·t chÃ¢n Ä‘áº¿n Ä‘áº¥t Má»¹.

Nhá»› láº¡i thá»i há»c cáº¥p 3, 16-17 tuá»•i, mÃ¬nh vÃ  tháº±ng báº¡n thÃ¢n, Huy Pháº¡m cá»© chiá»u chiá»u lÃ  ra Showroom Yamaha á»Ÿ trÃªn Ä‘Æ°á»ng HoÃ ng VÄƒn Thá»¥, nÆ¡i cÃ³ trÆ°ng bÃ y chiáº¿c 2004 R1 mÃ u xanh dÆ°Æ¡ng bÃ´ Ä‘Ãºt Ä‘Ã­t rá» cho Ä‘Ã£ ghiá»n vÃ¬ tá»« nhá» tá»›i lá»›n chá»‰ toÃ n tháº¥y máº¥y chiáº¿c nhÆ° váº­y trÃªn TV hay trong bÃ¡o Xe & Äá»i Sá»‘ng ( sau nÃ y mÃ¬nh mua Ä‘Æ°á»£c chiáº¿c 2004 R1 mÃ u xanh y chang nhÆ° váº­y). NÄƒm 2007 khi lÃ n sÃ³ng xe moto, siÃªu xe nháº­p quÃ©t qua VN thÃ¬ má»i hy vá»ng vá» 1 chiáº¿c moto tan biáº¿n nhÆ° bá»t xÃ  bÃ´ng vÃ¬ chÃ­nh sÃ¡ch thuáº¿ khiáº¿n giÃ¡ xe cao chÃ³t vÃ³t cá»§a cá»™ng sáº£n. MÃ¬nh quyáº¿t Ä‘á»‹nh Ä‘i Ãšc Ä‘á»ƒ tÃ¬m cuá»™c sá»‘ng má»›i.

Qua Ãšc sá»‘ng gáº§n 6 nÄƒm, viá»‡c há»c bá»™n bá» nÃªn giáº¥c mÆ¡ xe moto cÅ©ng Ä‘Ã nh gÃ¡c láº¡i á»Ÿ chiáº¿c CBR125R gáº¯n mÃ¡y SOHC cá»§a Sonic vÃ  chiá»u chiá»u lÃªn city ngáº¯m xe moto cá»§a ngÆ°á»i ta, cuá»‘i tuáº§n thÃ¬ cáº§m tiá»n gá»i máº¥y ngá»«oi bÃ¡n xe trÃªn Gumtree Ä‘á»ƒ háº¹n cháº¡y thá»­ (cháº¡y thá»­ xong chÃª á»ng chÃª eo, chá»§ yáº¿u kiáº¿m cá»› chuá»“n). LÃºc vá»«a quen Ä‘Ã¡m báº¡n má»›i V Riders Sydney thÃ¬ láº¡i Ä‘áº¿n lÃºc mÃ¬nh chuáº©n bá»‹ vá», buá»“n khÃ´ng táº£ Ä‘Æ°á»£c. Cá»© tÆ°á»Ÿng mÃ¬nh háº¿t duyÃªn vá»›i xe moto rá»“i.

Vá» VN thÃ¬ láº¡i loanh quanh vá»›i ba cÃ¡i Sirius Ä‘á»™, Ex Ä‘á»™ cá»§a Ä‘Ã¡m báº¡n, cháº³ng cÃ³ gÃ¬ Ä‘áº·c sáº¯c, may sao máº¥y ngÃ y cuá»‘i cÃ³ Ã´ng anh vá»«a mua con Ducati Scambler 800cc lÃ  gá»i mÃ¬nh qua thá»­ xe liá»n.

NÄƒm 28 tuá»•i qua Má»¹, sau 2 tuáº§n Ä‘áº¯n Ä‘o suy nghÄ© cuá»‘i cÃ¹ng mÃ¬nh Ä‘Ã£ quyáº¿t Ä‘á»‹nh láº¥y háº¿t tiá»n Ä‘á»ƒ dÃ nh á»Ÿ bÃªn Ãšc, quáº¥t chiáº¿c xe moto bá»± Ä‘áº§u tiÃªn trong Ä‘á»i, con 2003 CBR954RR Fireblade, cÃ³ gáº¯n sáºµn trá»£ lá»±c Scotts, phuá»™c sau adjustable Ã–hlins & bÃ´ Jardine, 140hp . VÃ  tháº¿ lÃ  tháº¿ giá»›i moto má»Ÿ ra trÆ°á»›c máº¯t mÃ¬nh, ngÃ y Ä‘i coi xe & cháº¡y thá»­ vá» mÃ¬nh nhÆ° ngá»«oi máº¥t há»“n, chá»‰ cháº¡y trong neighbourhood cá»¡ 1-200m thÃ´i mÃ  chiáº¿c xe nÃ³ lÃ´i mÃ¬nh muá»‘n tráº¹o cá»•, phÃª lÃ²i máº¯t. NgÃ y hÃ´m sau Ä‘áº¿n chá»“ng tiá»n láº¥y xe thÃ¬ pháº£i nhÆ¡f Ã´ng anh lÃ¡i vá» dÃ¹m táº¡i chÆ°a cÃ³ báº±ng. HÃ´m nháº­n Ä‘c báº±ng, lÃ¡i xe vá» nhÃ , Ä‘oáº¡n Ä‘Æ°á»ng cá»¡ 10-15km mÃ  tÆ°á»Ÿng nhÆ° ráº¥t gáº§n, cáº£m giÃ¡c tá»« 125cc mÃ  lÃªn 1000cc thá»±c sá»± ráº¥t khÃ³ táº£. Rá»“i sau Ä‘Ã³ lÃ  chuá»—i ngÃ y thay xe láº¹ hÆ¡n Katy Perry thay vÃ¡y.
Äáº§u tiÃªn lÃ :
2003 Honda CBR954RR-red
2003 Honda RC51 RVT1000 SP2-Red Black Silver
2004 Yamaha R1-blue
2009 Kawasaki Ninja ZX10R- black
2009 Ducati Monster 696-white
2012 Honda CBR250R HRC, 1 black, 1 red Ä‘á»ƒ cháº¡y Ä‘i há»c )
2004 Honda Hornet 919- matte green
2009 Buell 1125CR-black
2012 Honda CBR250R-black
2004 Honda CBR1000RR Repsol
2010 Harley-Davidson Sportster 883 iron- black
2009 Ducati Monster 1100- matte silver
2012 Honda CBR250R-Red & Silver
2003 Honda Hornet 919- matte black( má»›i tiá»…n theo chá»§ má»›i)
2004 Honda CBR1000RR-Black & Silver (chiáº¿c Ä‘ang cháº¡y)
NgoÃ i ra mÃ¬nh cÃ²n Ä‘Æ°á»£c cháº¡y thá»­ vÃ´ sá»‘ cÃ¡c loáº¡i xe xá»‹n cá»§a báº¡n bÃ¨ chÆ¡i moto chung nhÆ° 2010-2012 R1, BMW S1000RR, MV Agusta F4 SPR, Ducati 959 Panigale, GSX R750, FZ8 blah blah.

Quáº£ tháº­t nhÆ° lá»i Ä‘á»“n, Má»¹ lÃ  Ä‘áº¥t nÆ°á»›c cá»§a nhá»¯ng giáº¥c mÆ¡, nÆ¡i biáº¿n Æ°á»›c mÆ¡ cá»§a nhá»¯ng ngÆ°á»i cáº§n cÃ¹, siÃªng nÄƒng, khÃ´ng ngáº¡i khÃ³, ngáº¡i khá»•, dÃ¡m nghÄ© dÃ¡m lÃ m thÃ nh sá»± tháº­t. Giáº¥c mÆ¡ xe moto cá»§a mÃ¬nh kÃ©o dÃ i gáº§n 10 nÄƒm, á»Ÿ VN thÃ¬ impossible, qua Ãšc cÅ©ng bá»‹ giÃ¡n Ä‘oáº¡n váº­y mÃ  Ä‘áº¿n Má»¹ chá»‰ má»›i 1 nÄƒm thÃ¬ Ä‘Ã£ Ä‘áº¡t Ä‘Æ°á»£c 1 cÃ¡ch nhanh chÃ³ng. Tháº¿ nÃªn ai cáº£m tháº¥y xá»© Má»¹ nÃ y khÃ³ sá»‘ng, bá»‹ kÃ¬ thá»‹ chá»§ng tá»™c, bá»‹ Ã¡p bá»©c, chÃ¨n Ã©p thÃ¬ nÃªn suy nghÄ© láº¡i, váº¥n Ä‘á» cháº¯c cháº¯n Ä‘áº¿n tá»« cÃ¡c báº¡n chá»© khÃ´ng pháº£i táº¡i xá»© Má»¹ Ä‘Ã¢u.

fb Nguyá»…n Eugene KhiÃªm

[K]",114731331886956,0,video
28,142,2018-03-22 08:42:35.266885,2016-11-18 12:00:00+00:00,381,114731331886956_1554610984565643,1995,12,"Bá»n chÃºng diá»…n tuá»“ng.

Äáº¡i biá»ƒu cháº¥t váº¥n Bá»™ Ná»™i Vá»¥ vá» vá»¥ Trá»‹nh XuÃ¢n Thanh. Kim NgÃ¢n "" nháº£y vÃ o"" can thiá»‡p, sáº½ tráº£ lá»i báº±ng vÄƒn báº£n!

fb Dung Truong

[K]",114731331886956,10,video
29,139,2018-03-22 08:42:35.266885,2016-11-18 11:00:00+00:00,1,114731331886956_1553639247996150,676,3,"Má»i ngÆ°á»i Æ¡i! má»—i ngÆ°á»i chung tay chia sáº» giÃºp Ny vá»›i! 

ÄÃ¢y lÃ  hÃ¬nh áº£nh cty Trung SÆ¡n á»Ÿ áº¥p HÃ²n Heo ,xÃ£ DÆ°Æ¡ng HÃ²a ,huyá»‡n KiÃªn LÆ°Æ¡ng,tá»‰nh KiÃªn Giang phá»‘i há»£p vá»›i chÃ­nh quyá»n cÆ°á»Ÿng cháº¿ Ä‘áº¥t nuÃ´i tÃ´m cá»§a ngÆ°á»i dÃ¢n á»Ÿ KiÃªn Giang..sai quy trÃ¬nh.NgÆ°á»i dÃ¢n á»Ÿ Ä‘Ã¢y bá» biáº¿t bao nhiÃªu cÃ´ng sá»©c tiá»n cá»§a Ä‘á»ƒ khai kháº«n Ä‘áº¥t hoang thÃ nh Ä‘áº¥t nuÃ´i tÃ´m vÃ o giá»¯ Ä‘áº¥t nhÃ¬u nÄƒm nay giá» bá»‹ cty thu há»“i trong khi ko bá»“i thÆ°á»ng 1 Ä‘á»“ng nÃ o nhÆ° Ä‘Ã£ thÃµa thuáº­n vá»›i ngÆ°á»i dÃ¢n ,mÃ  ngang nhiÃªn Ä‘Æ°a mÃ¡y cÆ¡ giá»›i vÃ o phÃ¡ cÃ´ng trÃ¬nh cá»§a ngÆ°á»i dÃ¢n mÃ  khÃ´ng chá» quyáº¿t Ä‘á»‹nh cá»§a tÃ²a an...

Má»i ngÆ°á»i giÃºp Ny chia sáº» nha! chung tay chia sáº» Ä‘á»ƒ láº¥y láº¡i cÃ´ng báº±ng cho nhá»¯ng ngÆ°á»i dÃ¢n á»Ÿ KiÃªn Giang nhÃ© má»i ngÆ°á»i...Cáº£m Æ¡n má»i ngÆ°á»i...

fb Anna Nguyá»…n 

[K]",114731331886956,27,video
30,4,2018-03-22 08:42:35.266885,2016-11-18 09:30:00+00:00,8,114731331886956_1554813614545380,1814,115,"[CÃ¡ch Máº¡ng Nhung - Tiá»‡p Kháº¯c]

Báº¡n cÃ³ biáº¿t lÃ  ngÃ y 17.11, cÃ¡ch Ä‘Ã¢y 27 nÄƒm, ngÆ°á»i Tiá»‡p Ä‘Ã£ Ä‘á»©ng lÃªn chá»‘ng láº¡i cháº¿ Ä‘á»™ Ä‘á»™c tÃ i Cá»™ng Sáº£n Ä‘á»ƒ ngÃ y nay há» thá»±c sá»± cÃ³ cuá»™c sá»‘ng tá»± do hÆ¡n, tá»‘t Ä‘áº¹p hÆ¡n ngÃ y Ä‘Ã³ ráº¥t nhiá»u láº§n, nhÃ¢n báº£n hÆ¡n ráº¥t nhiá»u láº§n mÃ  tÃ´i chÃ­nh lÃ  má»™t nhÃ¢n chá»©ng tá»« Ä‘Ã³ Ä‘áº¿n nay.

Xem cÃ¡i clip nÃ y chÃºng ta cÃ³ thá»ƒ tháº¥y táº¡i Ä‘áº¥t nÆ°á»›c (Tiá»‡p Kháº¯c) mÃ  ngÆ°á»i ta váº«n cho ráº±ng cÃ³ dÃ¢n trÃ­ cao kia, sá»± váº­n Ä‘á»™ng quáº§n chÃºng Ä‘á»ƒ thay Ä‘á»•i cháº¿ Ä‘á»™ cÅ©ng khÃ´ng dá»… dÃ ng mÃ  trÃ¡i láº¡i, Ä‘Ã£ cÃ³ ráº¥t nhiá»u Ä‘au Ä‘á»›n, hy sinh vÃ¬ ngÆ°á»i biá»ƒu tÃ¬nh cÅ©ng bá»‹ Äƒn Ä‘Ã²n, bá»‹ báº¯t, bá»‹ Ä‘Ã¡nh báº±ng dÃ¹i cui, cÅ©ng cÃ³ xe bus Ä‘i báº¯t ngÆ°á»i, cÅ©ng cÃ³ loa Ä‘e dá»a vÃ  yÃªu cáº§u giáº£i tÃ¡n, cÅ©ng cÃ³ cáº£nh giáº­t vÃ  xÃ© kháº©u hiá»‡u cá»§a ngÆ°á»i biá»ƒu tÃ¬nh, cÅ©ng cÃ³ cÃ´n an vÃ  bá»n dÃ¢n phÃ²ng chÃ³ sÄƒn Ä‘eo bÄƒng Ä‘á» cáº§m gáº­y tung hoÃ nh Ä‘Ã¡nh Ä‘áº­p ngÆ°á»i biá»ƒu tÃ¬nh.

 Lá»±c lÆ°á»£ng cÃ´n an an ninh cá»§a chÃ­nh quyá»n Ä‘á»™c tÃ i Cá»™ng Sáº£n Ä‘Ã£ hoáº¡t Ä‘á»™ng rÃ¡o riáº¿t vÃ  dÃ£ man.

Y chang nhÆ° nhá»¯ng gÃ¬ chÃºng ta Ä‘Ã£ chá»©ng kiáº¿n á»Ÿ Viá»‡t Nam.

NgÆ°á»i Tiá»‡p Ä‘Ã£ tá»• chá»©c biá»ƒu tÃ¬nh á»Ÿ Ráº¤T NHIá»€U NÆ I, á»Ÿ báº¥t cá»© má»™t quáº£ng trÆ°á»ng nÃ o cá»§a thÃ nh phá»‘ lÃ m lá»±c lÆ°á»£ng an ninh bá»‹ dÃ n má»ng ra vÃ  báº¥t lá»±c. Khi anh ninh, chÃºng báº¥t lá»±c thÃ¬ Ä‘oÃ n biá»ƒu tÃ¬nh sáº½ cÃ ng cÃ³ khÃ­ tháº¿, cÃ ng thu hÃºt sá»± tham goia cá»§a má»i ngÆ°á»i vÃ  táº¥t cáº£ cÃ¡c Ä‘oÃ n nhá» kia Ä‘áº¿n tháº³ng quáº£ng trÆ°á»ng lá»›n cá»§a thÃ nh phá»‘ vÃ  tháº¯ng lá»£i lÃ  do váº­y.

Chá»‰ cÃ³ sá»± Ä‘oÃ n káº¿t vÃ  nháº¥t tá» Ä‘á»©ng dáº­y cá»§a Cáº¢ Má»˜T DÃ‚N Tá»˜C má»›i lÃ m bá»n Cá»™ng Sáº£n chÃºng nÃ³ sá»¥p Ä‘á»• Ä‘á»ƒ con chÃ¡u vÃ  báº£n thÃ¢n cÃ³ tÆ°Æ¡ng lai tá»‘t lÃ nh hÆ¡n, Ä‘Æ¡n giáº£n chá»‰ vÃ¬ lÃºc Ä‘Ã³ xe bus nÃ o chá»Ÿ háº¿t ngÆ°á»i vÃ  an ninh nÃ o Ä‘á»§ Ä‘á»ƒ báº¯t háº¿t hÃ ng triá»‡u con ngÆ°á»i ???

Náº¿u cÃ²n mackeno hoáº·c hÃ¨n nhÃ¡t khÃ´ng dÃ¡m Ä‘á»©ng lÃªn thÃ¬ hÃ£y cháº¥p nháº­n sá»± tá»§i nhá»¥c lÃ  lá»i nháº¯n nhá»§ cá»§a tÃ¡c giáº£ clip tá»•ng káº¿t nÃ y.

Freedom is not be free ! Svoboda nenÃ­ zdarmo !

Dá»±a theo fb Tráº§n PhÃºc ChÃ¢u
Kili",114731331886956,3,video
31,58,2018-03-22 08:42:35.266885,2016-11-18 06:00:00+00:00,4,114731331886956_1554597537900321,335,1,"Tá»‘i 16.11 khoáº£ng 20:00, trÃªn Ä‘Æ°á»ng Nguyá»…n Ãi Quá»‘c Ä‘oáº¡n Káº» Sáº·t (P. TÃ¢n BiÃªn, BiÃªn HÃ²a - Äá»“ng Nai). 

Theo biÃªn báº£n CA Tp. BiÃªn HÃ²a ghi láº¡i lá»i nhÃ¢n chá»©ng: Em VÅ© Äá»©c Tiáº¿n (18 tuá»•i) nhÃ  BiÃªn HÃ²a Ä‘Æ°á»£c báº¡n chá»Ÿ xe mÃ¡y cháº¡y tá»« cÃ´ng viÃªn 30 thÃ¡ng 4 hÆ°á»›ng vá» ngÃ£ tÆ° TÃ¢n Phong, khi Ä‘áº¿n khÃºc nÃ y thÃ¬ bá»‹ hai anh 113 Ä‘i mÃ´ tÃ´ Ä‘áº·c chá»§ng mÃ u tráº¯ng truy Ä‘uá»•i vÃ  dÃ¹ng chÃ¢n Ä‘áº¡p vÃ o xe. Tiáº¿n vÄƒng ra ngÃ£ vÃ o giáº£i phÃ¢n cÃ¡ch, cÃ²n hai cáº£nh sÃ¡t Ä‘Ã£ rá»i khá»i hiá»‡n trÆ°á»ng. Tiáº¿n cháº¿t khi Ä‘áº¿n bá»‡nh viá»‡n cáº¥p cá»©u, anh báº¡n kia bá»‹ thÆ°Æ¡ng nháº¹.

HÃ ng trÄƒm ngÆ°á»i dÃ¢n BiÃªn HÃ²a Ä‘Ã£ kÃ©o ra lÃ m Ã¹n táº¯c má»™t Ä‘oáº¡n Ä‘Æ°á»ng, Ä‘áº¿n sÃ¡ng sá»›m nay má»›i giáº£i tÃ¡n. CÃ³ thÃ´ng tin cho ráº±ng, náº¡n nhÃ¢n chá»‘ng ngÆ°á»i thi hÃ nh cÃ´ng vá»¥ vÃ  bá» cháº¡y. Ban giÃ¡m Ä‘á»‘c CÃ´ng an Äá»“ng Nai Ä‘ang chá»‰ Ä‘áº¡o xá»­ lÃ½ vá»¥ viá»‡c!

- Cáº£nh ngÆ°á»i dÃ¢n BiÃªn HÃ²a táº­p trung ra khu vá»±c em Tiáº¿n gáº·p tai náº¡n tá»‘i 16.11

P/s: Ráº£nh Ä‘á»c láº¡i vá»¥ nÃ y á»Ÿ VÅ©ng TÃ u!

Viá»‡c Ä‘Æ°a hai CSGT trong lÃºc truy Ä‘uá»•i xe Ä‘ua Ä‘Ã£ gÃ¢y ra cÃ¡i cháº¿t cho em Nguyá»…n Tráº§n Viá»‡t Duy (16 tuá»•i) hiá»‡n Ä‘Ã£ chÃ¬m xuá»“ng, máº·c dÃ¹ sau khi chia sáº» trÃªn FB cÃ¡c báº¡n Tuá»•i Tráº», PhÃ¡p Luáº­t Tp.HCM vÃ  VNN cháº¥t váº¥n lÃ£nh Ä‘áº¡o CA VÅ©ng TÃ u Ä‘á»ƒ lÃ m sÃ¡ng tá» vá»¥ viá»‡c. Má»›i Ä‘Ã¢y, bÃ  ná»™i Duy - ngÆ°á»i Ä‘á»©ng ra truy cá»©u cÃ¡i cháº¿t cá»§a chÃ¡u, cÅ©ng Ä‘Ã£ qua Ä‘á»i. Xong, chÃ¬m. Â©https://www.facebook.com/cogaidolongvn/posts/10204047343658591:0

(Fb LÃª Nguyá»…n HÆ°Æ¡ng TrÃ )

[K]

http://tuoitre.vn/tin/chinh-tri-xa-hoi/20161117/canh-sat-ruot-duoi-gay-tai-nan-dan-buc-xuc-chan-xe-tac-duong/1220689.html

http://tuoitre.vn/tin/chinh-tri-xa-hoi/20161117/canh-sat-ruot-duoi-gay-tai-nan-nan-nhan-da-chet/1221133.html",114731331886956,10,video
32,14,2018-03-22 08:42:35.266885,2016-11-18 05:00:00+00:00,292,114731331886956_1554567214570020,583,3,"Buá»•i ""lá»… tiÃªu huá»· ngÃ  voi"" hÆ¡i náº·ng tÃ­nh hÃ¬nh thá»©c vá»›i Ä‘á»§ cÃ¡c ban bá»‡, Ä‘áº¡i biá»ƒu. Má»i thá»© hoÃ n háº£o tá»« tháº£m Ä‘á», mc, Ä‘áº¡i biá»ƒu, ban bá»‡, bÃ¡o chÃ­, v.v...; trá»« cÃ¡i mÃ¡y nghiá»n :3

(Nguá»“n clip chÆ°a rÃµ)

Mion",114731331886956,1,video
33,0,2018-03-22 08:42:35.266885,2016-11-18 04:00:00+00:00,4,114731331886956_1554555664571175,1372,55,"Äiá»u Ã­t ngÆ°á»i biáº¿t vá» niá»m tá»± hÃ o má»›i cá»§a Nháº­t Báº£n - Linear Shinkasen.

Tuyáº¿n tÃ u Ä‘á»‡m tá»« trÆ°á»ng tháº¿ há»‡ má»›i Linear Shinkasen vá»›i váº­n tá»‘c thá»­ nghiá»‡m Ä‘Ã£ Ä‘áº¡t 603 km/h lÃ  niá»m tá»± hÃ o cá»§a cÃ¡c nhÃ  khoa há»c Nháº­t Báº£n. Trong tÆ°Æ¡ng lai thÃ¬ tuyáº¿n tÃ u nÃ y sáº½ giÃºp rÃºt ngáº¯n thá»i gian tá»« tá»« Tokyo tá»›i Osaka má»™t cÃ¡ch Ä‘Ã¡ng ká»ƒ, khi váº¥n tá»‘c trung bÃ¬nh cá»§a má»—i chuyáº¿n tÃ u Ä‘áº¡t 500km/h.

CÃ³ má»™t Ä‘iá»u mÃ  Ã­t ngÆ°á»i biáº¿t, lÃ  khÃ´ng pháº£i má»›i Ä‘Ã¢y ngÆ°á»i ta má»›i phÃ¡t triá»ƒn tháº¿ há»‡ tÃ u Ä‘á»‡m tá»« trÆ°á»ng nÃ y, mÃ  Ã½ Ä‘á»‹nh thá»±c hiá»‡n nÃ³ Ä‘Ã£ Ä‘Æ°á»£c áº¥p á»§ tá»« nÄƒm 1962, nháº±m thay tháº¿ tuyáº¿n shinkansen thÃ´ng thÆ°á»ng vÃ  rÃºt ngáº¯n khoáº£ng thá»i gian tá»« Tokyo tá»›i Osaka chá»‰ trong vÃ²ng 1 tiáº¿ng Ä‘á»“ng há»“. CÃ³ nghÄ©a nÃ³ cÃ²n Ä‘Æ°á»£c báº¯t tay vÃ o trÆ°á»›c khi tuyáº¿n Shinkansen Ä‘áº§u tiÃªn Ä‘Æ°á»£c khÃ¡nh thÃ nh (Tuyáº¿n shinkansen Ä‘áº§u tiÃªn Ä‘Æ°á»£c khÃ¡nh thÃ nh lÃ  vÃ o ngÃ y 1/10/1964) ğŸ˜³ğŸ˜³ğŸ˜³

Bá»Ÿi váº­y má»›i biáº¿t, nhá»¯ng thÃ nh cÃ´ng mÃ  chÃºng ta Ä‘Æ°á»£c biáº¿t qua cÃ¡c cÃ´ng bá»‘, thá»±c cháº¥t chá»‰ lÃ  má»™t pháº§n ráº¥t nhá» trong cÃ¡c nghiÃªn cá»©u Ä‘Ã£ vÃ  Ä‘ang thá»±c hiá»‡n cá»§a há» mÃ  thÃ´i.

Xem thÃªm á»Ÿ Ä‘Ã¢y nha : http://www.linear-museum.pref.yamanashi.jp/about/history.html

Cháº¯c giá» chÆ°a khÃ¡nh thÃ nh tuyáº¿n tÃ u má»›i thÃ¬ cÃ¡c bÃ¡c áº¥y láº¡i Ä‘ang áº¥p á»§ lÃ m cÃ¡i gÃ¬ xá»‹n hÆ¡n gáº¥p bá»™i rá»“i cÅ©ng nÃªn :))

fb Sugoi / Admin A.N

[K]",114731331886956,1,video
34,0,2018-03-22 08:42:35.266885,2016-11-16 12:00:00+00:00,2,114731331886956_1552392028120872,307,15,"TÆ°á»›ng Douglas MacArthur vÃ  cÃ´ng cuá»™c cáº£i cÃ¡ch xÃ£ há»™i Nháº­t 

Video tÃ³m táº¯t sÆ¡ lÆ°á»£c vá» cÃ´ng cuá»™c cáº£i cÃ¡ch xÃ£ há»™i Nháº­t thá»i háº­u Ä‘á»‡ nhá»‹ tháº¿ chiáº¿n lÃ m báº£nlá» cho giai Ä‘oáº¡n ""Tháº§n ká»³ Nháº­t Báº£n"", Ä‘Ã¡nh dáº¥u sá»± phÃ¡t triá»‡n vÆ°á»£t báº­c cá»§a Nháº­t Báº£n chá»‰ vÃ i nÄƒm sau Ä‘Ã³. CÃ´ng cuá»™c cáº£i cÃ¡ch Ä‘Æ°á»£c tiáº¿n hÃ nh vá»›i hai má»¥c tiÃªu chÃ­nh lÃ  dÃ¢n chá»§ hÃ³a xÃ£ há»™i Nháº­t vÃ  trÃ¡nh quÃ¢n sá»± hÃ³a, táº­p trung hÃ³a quyá»n lá»±c vÃ o chÃ­nh quyá»n. CÃ¹ng vá»›i Ä‘Ã³ lÃ  triá»‡u tiÃªu cÃ¡c táº­p Ä‘oÃ n tÃ i phiá»‡t lÅ©ng Ä‘oáº¡n xÃ£ há»™i Nháº­t vÃ  tiáº¿n hÃ nh cáº£i cÃ¡ch ruá»™ng Ä‘áº¥t Ä‘á»ƒ mang láº¡i quyá»n lá»£i cho nhá»¯ng ngÆ°á»i báº§n nÃ´ng, cÃ y thuÃª lÃ¢u nÄƒm nhÆ°ng váº«n nghÃ¨o Ä‘Ã³i.

Video cÅ©ng nÃ³i sÆ¡ qua vá» giai Ä‘oáº¡n Ä‘áº§u cá»§a cuá»™c chiáº¿n tranh liÃªn Triá»u xáº£y ra má»™t cÃ¡ch báº¥t ngá» lÃ m tÆ°á»›ng MacArthur buá»™c pháº£i giÃ¡n Ä‘oáº¡n vai trÃ² giÃ¡m sÃ¡t cÃ´ng cuá»™c cáº£i cÃ¡ch xÃ£ há»™i Nháº­t cá»§a mÃ¬nh Ä‘á»ƒ Ä‘áº£m trÃ¡ch vai trÃ² chá»‰ huy liÃªn quÃ¢n LiÃªn Há»£p Quá»‘c báº£o vá»‡ Nam HÃ n , má»™t Ä‘á»“ng minh khÃ¡c cá»§a Hoa Ká»³ bÃªn cáº¡nh Nháº­t trÆ°á»›c cuá»™c táº¥n cÃ´ng cá»§a ngÆ°á»i anh em Cá»™ng Sáº£n Báº¯c Triá»u TiÃªn. 

Link youtube: https://www.youtube.com/watch?v=QyjyEphAUSs&feature=youtu.be

fb Lá»‹ch sá»­ hiá»‡n Ä‘áº¡i: Chiáº¿n tranh vÃ  cÃ¡ch máº¡ng
Kili",114731331886956,1,video
35,23,2018-03-22 08:42:35.266885,2016-11-16 10:00:00+00:00,6,114731331886956_1552372588122816,479,3,"Tá»•ng LÃº : ""Thá»i Ä‘áº¡i HCM rá»±c rá»¡ - Äáº¥t nÆ°á»›c chÆ°a bao giá» Ä‘Æ°á»£c nhÆ° tháº¿ náº§y !"" :3

Clip: fb Le Dung Vova 
Thá»‹ tráº¥n Äá»“ng vÄƒn HÃ  Nam
9 giá» sÃ¡ng ngÃ y 16/10/2016

Kili",114731331886956,108,video
36,1,2018-03-22 08:42:35.266885,2016-11-16 09:00:00+00:00,32,114731331886956_1552359361457472,1373,63,"NgÆ°á»i Nháº­t vá»«a khiáº¿n ngÆ°á»i dÃ¢n tháº¿ giá»›i ... vÃ  Ä‘áº·c biá»‡t lÃ  Viá»‡t nam ngá»¡ ngÃ ng vÃ  ghen tá»‹ khi chá»‰ máº¥t chÆ°a Ä‘áº§y ... má»™t tuáº§n Ä‘á»ƒ sá»­a má»™t con Ä‘Æ°á»ng bá»‹ ""há»‘ tá»­ tháº§n"" tÃ n phÃ¡. 

fb VOA Tiáº¿ng Viá»‡t 
Kili",114731331886956,0,video
37,446,2018-03-22 08:42:35.266885,2016-11-16 08:00:00+00:00,414,114731331886956_1552360554790686,3394,54,"Bá»™ trÆ°á»Ÿng GiÃ¡o dá»¥c PhÃ¹ng XuÃ¢n Nháº¡: ""CÃ¡n bá»™ Ä‘á»‹a phÆ°Æ¡ng cÅ©ng chá»‰ vÃ¬ vui váº» thÃ´i."" !!!!
[Cháº¥t váº¥n á»Ÿ Quá»‘c Há»™i vá» vá»¥ 21 cÃ´ giÃ¡o bá»‹ cÃ¡n bá»™ Ä‘á»‹a phÆ°Æ¡ng Ä‘iá»u Ä‘i tiáº¿p khÃ¡ch]

Äáº¡i biá»ƒu Pháº¡m Thá»‹ Minh Hiá»n (PhÃº YÃªn) tranh luáº­n: â€œBá»™ trÆ°á»Ÿng nháº­n trÃ¡ch nhiá»‡m, nhÆ°ng Bá»™ trÆ°á»Ÿng láº¡i nÃ³i ráº±ng chá»‰ vui váº» thÃ´i. Vá» gÃ³c Ä‘á»™ giá»›i, tÃ´i tháº¥y ráº¥t Ä‘au lÃ²ngâ€
Äáº¡i biá»ƒu LÃª Thanh VÃ¢n (CÃ  Mau) lÃªn tiáº¿ng: â€œHÃ´m qua Bá»™ trÆ°á»Ÿng phÃ¡t ngÃ´n trÆ°á»›c bÃ¡o chÃ­, Bá»™ trÆ°á»Ÿng nÃ³i ráº±ng cÃ¡c cÃ´ giÃ¡o áº¥y pháº£i xem láº¡i mÃ¬nh. Bá»™ trÆ°á»Ÿng hÃ£y xem láº¡i cÃ¢u nÃ³i Ä‘Ã³, Ä‘áº·c biá»‡t lÃ  Bá»™ trÆ°á»Ÿng nÃªn Ä‘á»c nhá»¯ng bÃ¬nh luáº­n mÃ  ngÆ°á»i ta viáº¿t dÆ°á»›i cÃ¢u nÃ³i cá»§a Bá»™ trÆ°á»Ÿngâ€
Tiáº¿p lá»i Äáº¡i biá»ƒu VÃ¢n, tÃ´i muá»‘n nÃ³i thÃªm lÃ : ""PhÃ¡t biá»ƒu nhÆ° tháº¿ thÃ¬ thá»±c ra chÃ­nh Bá»™ trÆ°á»Ÿng má»›i lÃ  ngÆ°á»i nÃªn pháº£i nhÃ¬n láº¡i báº£n thÃ¢n mÃ¬nh Ä‘áº§u tiÃªn.""
Clip: Tuá»•i Tráº»
http://tuoitre.vn/tin/chinh-tri-xa-hoi/20161116/tu-lenh-nganh-giao-duc-phung-xuan-nha-tra-loi-chat-van/1219996.html
fb Nguyá»…n Anh Tuáº¥n 
Kili",114731331886956,40,video
38,12,2018-03-22 08:42:35.266885,2016-11-16 05:03:00+00:00,0,114731331886956_1552059224820819,247,3,"SUN GROUP, Äá»ªNG Tá»° BIáº¾N MÃŒNH THÃ€NH Káºº THÃ™ Cá»¦A Cá»˜NG Äá»’NG!

Ngay cáº£ khi tuyÃªn bá»‘ 'cÃ¡p treo SÆ¡n TrÃ  chá»‰ má»›i lÃ  Ã½ tÆ°á»Ÿng' thÃ¬ Sun Group cÅ©ng cáº§n dáº¹p ngay Ã½ tÆ°á»Ÿng nÃ y, náº¿u há» khÃ´ng muá»‘n tá»± biáº¿n mÃ¬nh trá»Ÿ thÃ nh má»™t loáº¡i káº» thÃ¹ cá»§a cá»™ng Ä‘á»“ng - má»™t kiá»ƒu nhÃ  Ä‘áº§u tÆ° thiáº¿u trÃ¡ch nhiá»‡m xÃ£ há»™i - Ä‘á»ƒ rá»“i cáº£ cá»™ng Ä‘á»“ng sáº½ sÃ´i lÃªn truy láº¡i nhá»¯ng há»“ sÆ¡ cÃ²n dai dáº³ng cá»§a chÃ­nh táº­p Ä‘oÃ n nÃ y:

1, Dá»± Ã¡n BÃ  NÃ  Hills Ä‘á»™c chiáº¿m con Ä‘Æ°á»ng bá»™ dáº«n lÃªn nÃºi vá»‘n Ä‘Æ°á»£c lÃ m tá»« tiá»n thuáº¿ dÃ¢n, ngÄƒn cáº£n ngÆ°á»i dÃ¢n tiáº¿p cáº­n má»™t Ä‘á»‹a Ä‘iá»ƒm thÄƒm thÃº thÃ¢n thuá»™c cá»§a há» vá»›i chi phÃ­ tháº¥p. Con Ä‘Æ°á»ng bá»™ dáº«n lÃªn BÃ  NÃ  hiá»‡n bá»‹ hÆ° há»ng náº·ng do quÃ¡ trÃ¬nh xÃ¢y dá»±ng khu du lá»‹ch nhÆ°ng Sun Group váº«n chÆ°a cÃ³ báº¥t ká»³ Ä‘á»™ng thÃ¡i nÃ o cho tháº¥y há» sáº½ sá»­a chá»¯a Ä‘á»ƒ tráº£ láº¡i nguyÃªn tráº¡ng cho cá»™ng Ä‘á»“ng.

2, Dá»± Ã¡n khu Ä‘Ã´ thá»‹ sinh thÃ¡i HÃ²a XuÃ¢n Ä‘Æ°á»£c xÃ¢y dá»±ng trÃªn Ä‘áº¥t bá»‹ cÆ°á»¡ng cháº¿ cá»§a giÃ¡o xá»© Cá»“n Dáº§u. Cuá»™c cÆ°á»¡ng cháº¿ sau Ä‘Ã³ Ä‘Æ°á»£c mÃ´ táº£ trÆ°á»›c quá»‘c táº¿ nhÆ° má»™t vá»¥ vi pháº¡m tá»± do tÃ´n giÃ¡o nghiÃªm trá»ng cá»§a Viá»‡t Nam trong khoáº£ng chá»¥c nÄƒm Ä‘á»• láº¡i Ä‘Ã¢y, khiáº¿n ChÃ­nh phá»§ Viá»‡t Nam gáº·p nhiá»u chá»‰ trÃ­ch tá»« cá»™ng Ä‘á»“ng quá»‘c táº¿, bao gá»“m tá»« cáº£ má»™t sá»‘ BÃ¡o cÃ¡o viÃªn Ä‘áº·c biá»‡t vá» nhÃ¢n quyá»n cá»§a LiÃªn Há»£p Quá»‘c.

3, Dá»± Ã¡n Khu Biá»‡t thá»± LÃ ng ChÃ¢u Ã‚u (Euro Village) biá»‡t láº­p láº¥n sÃ´ng, chiáº¿m lÄ©nh vá»‹ trÃ­ Ä‘áº¯c Ä‘á»‹a sÃ¡t bá» sÃ´ng HÃ n. PhÃ¡ vá»¡ cáº£nh quan hai bÃªn bá» sÃ´ng, dá»± Ã¡n nÃ y khÃ´ng chá»‰ tá» ra báº¥t há»£p lÃ½ khi mÃ  UBND thÃ nh phá»‘ thÆ°á»ng than vÃ£n lÃ  thiáº¿u Ä‘áº¥t xÃ¢y cÃ´ng viÃªn bá» sÃ´ng, mÃ  cÃ²n lÃ  Ä‘iá»ƒn hÃ¬nh cá»§a má»™t kiá»ƒu dá»± Ã¡n kÃ©m minh báº¡ch khi mÃ  ngÆ°á»i dÃ¢n cháº³ng thá»ƒ nÃ o tÃ¬m Ä‘Æ°á»£c thÃ´ng tin vÃ¬ sao Sun Group láº¡i Ä‘Æ°á»£c phÃ©p Ä‘á»• Ä‘áº¥t sÃ¡t sÃ´ng xÃ¢y khu biá»‡t thá»±, thÃ nh phá»‘ Ä‘Ã£ thu Ä‘Æ°á»£c bao nhiÃªu tiá»n tá»« viá»‡c giao Ä‘áº¥t nÃ y, vÃ¬ sao khÃ´ng bÃ¡n Ä‘áº¥u giÃ¡, khÃ´ng há»i Ã½ kiáº¿n nhÃ¢n dÃ¢n trÆ°á»›c khi giao má»™t khu Ä‘áº¥t rá»™ng lá»›n sÃ¡t bá» sÃ´ng nhÆ° tháº¿.

ÄÃ³ lÃ  cÃ²n chÆ°a ká»ƒ tá»›i dá»± Ã¡n CÃ´ng viÃªn Äáº¡i DÆ°Æ¡ng (nÆ¡i dá»± kiáº¿n Ä‘áº·t ga Ä‘i cá»§a cÃ¡p treo SÆ¡n TrÃ ) chuáº©n bá»‹ khá»Ÿi cÃ´ng. Trong khi hÃ ng loáº¡t bÄƒn khoÄƒn vá» nguy cÆ¡ gÃ¢y Ã´ nhiá»…m mÃ´i trÆ°á»ng cá»§a dá»± Ã¡n Ä‘Æ°á»£c Hiá»‡p há»™i Du lá»‹ch ÄÃ  Náºµng* Ä‘áº·t ra chÆ°a Ä‘Æ°á»£c giáº£i quyáº¿t tháº¥u Ä‘Ã¡o thÃ¬ vÃ¬ sao dá»± Ã¡n - vá»‘n náº±m ngay sÃ¡t biá»ƒn - gáº§n Ä‘Ã¢y láº¡i Ä‘Æ°á»£c bá»• sung thÃªm cÃ¡c háº¡ng má»¥c khÃ¡ch sáº¡n, trung tÃ¢m thÆ°Æ¡ng máº¡i.

KhÃ´ng ai khÃ´ng biáº¿t nhá»¯ng Ä‘Ã³ng gÃ³p Ã­t nhiá»u cá»§a Sun Group cho diá»‡n máº¡o Ä‘Ã´ thá»‹ cÅ©ng nhÆ° ngÃ nh du lá»‹ch thÃ nh phá»‘, nhÆ°ng, há» nÃªn biáº¿t dá»«ng láº¡i Ä‘Ãºng lÃºc vÃ  Ã½ thá»©c ráº±ng quyá»n lá»±c cá»§a há» khÃ´ng pháº£i lÃ  vÃ´ háº¡n. Bá»Ÿi láº½, tin tÃ´i Ä‘i, ngÃ y nÃ o Sun Group chÆ°a buÃ´ng tha cho SÆ¡n TrÃ , chÆ°a dá»«ng láº¡i ngay cÃ¡i Ã½ tÆ°á»Ÿng lÃ m cÃ¡p treo Ã¡n ngá»¯ trÆ°á»›c ngá»n nÃºi nÃ y, sáº½ cÃ³ khÃ´ng Ã­t ngÆ°á»i theo Ä‘uá»•i Ä‘áº¿n cÃ¹ng nhá»¯ng há»“ sÆ¡ ká»ƒ trÃªn cho Ä‘áº¿n lÃºc táº­p Ä‘oÃ n nÃ y pháº£i tráº£ má»™t cÃ¡i giÃ¡ nÃ o Ä‘Ã³, dÃ¹ cÃ³ máº¥t nhiá»u thá»i gian Ä‘i chÄƒng ná»¯a.

RiÃªng vá»›i chÃ­nh quyá»n thÃ nh phá»‘, nhiá»u Ä‘á»i chá»§ tá»‹ch vÃ  bÃ­ thÆ° hay nÃ³i vá» má»™t cÃ¡i 'Ä‘Æ°á»£c' lÃ  'Ä‘Æ°á»£c lÃ²ng dÃ¢n'. TÃ´i khÃ´ng tranh luáº­n vá» Ä‘iá»ƒm nÃ y, nhÆ°ng chá»‰ muá»‘n há»i lÃ  liá»‡u cÃ¡c lÃ£nh Ä‘áº¡o thÃ nh phá»‘ cÃ³ bao giá» nghe dÃ¢n tÃ¬nh khÃ¡o nhau lÃ  'cá»© tháº¿ hoÃ i khÃ´ng biáº¿t lÃ  Ä‘ang sá»‘ng trong ÄÃ  Náºµng city hay lÃ  Sun city ná»¯a'. Tiáº¿ng dÃ¢n thÃ¬ cÅ©ng chÃ­nh lÃ  lÃ²ng dÃ¢n Ä‘Ã³.

*Äá»c thÃªm vá» nhá»¯ng lo ngáº¡i Ä‘á»‘i vá»›i dá»± Ã¡n CÃ´ng viÃªn Äáº¡i DÆ°Æ¡ng á»Ÿ SÆ¡n TrÃ  (nÆ¡i dá»± kiáº¿n Ä‘áº·t ga Ä‘i cá»§a cÃ¡p treo): https://myweb.pro.vn/â€¦/da-nang-xay-cong-vien-ngu-dan-se-thaâ€¦

fb Nguyen Anh Tuan / Clip: SÆ¡n TrÃ  khÃ´ng cáº§n cÃ¡p treo (Mzung Gio Hoang Dao)

[K]",114731331886956,1,video
39,485,2018-03-22 08:42:35.266885,2016-11-15 14:00:00+00:00,5,114731331886956_1551475151545893,1377,1,"SOS

NgÃ y 10/11/ 2016 Báº¡n VÃµ HÆ°á»›ng bÃ¡n trÃ¡i cÃ¢y á»Ÿ chá»£ DÄƒkBuk sinh 1985 thÃ´n 3, xÃ£ DÄƒk Buk, Tuy Äá»©c, Äáº¯c NÃ´ng bi cÃ´ng an Tuy Äá»©c báº¯t nháº§m vÃ  sau Ä‘Ã³ bá»‹ Ã©p cung tra táº¥n dÃ£ man Ä‘áº¿n liá»‡t ná»¯a thÃ¢n bÃªn pháº£i.

Sau Ä‘Ã³ chÃºng Ä‘Æ°a VÃµ HÆ°á»›ng lÃªn bá»‡nh viá»‡n Äáº¯c NÃ´ng vÃ  cáº¥m ko cho liÃªn láº¡c vá»›i ngÆ°á»i thÃ¢n. Sau Ä‘Ã³ ngÆ°á»i nhÃ  biáº¿t tin thÃ¬ má»›i Ä‘Æ°a VÃµ HÆ°á»›ng tá»« Äáº¯c NÃ´ng lÃªn bá»‡nh viá»‡n Chá»£ Ráº«y. Khi ngÆ°á»i nhÃ  Ä‘Æ°a VÃµ HÆ°á»›ng len Chá»£ Ráº«y thÃ¬ chÃºng cho hai tÃªn cong an thÆ°á»ng phuÌ£c Ä‘i theo Ä‘á»ƒ canh ko cho lá»™ thÃ´ng tin ra ngoÃ i

ÄÆ°á»£c biáº¿t tÃªn cÃ´ng an viáº¿t giáº¥y má»i lÃ  Sá»¹ vÃ  tÃªn tra táº¥n Ã©p cung lÃ  Quáº£ng

Hiá»‡n cÃ³ hai tÃªn cÃ´ng an Ä‘ang canh giá»¯ Ä‘á»ƒ Ã©m nháº½m thÃ´ng tin bÃ¡o chÃ­ ngay táº¡i bá»‡nh viá»‡n chá»£ ráº«y. NÆ¡i VÃµ HÆ°á»›ng náº±m Äang nÄƒÌ€m Æ¡Ì‰ khoa nÃ´Ì£i thÃ¢Ì€n kinh. PhoÌ€ng 1 tÃ¢Ì€ng 9 bá»‡nh viá»‡n ChÆ¡Ì£ RÃ¢Ìƒy. Ai vÃ o Ä‘Ã¢y thÄƒm VÃµ HÆ°á»›ng thÃ¬ bá»‹ cáº¥m chá»¥p hÃ¬nh quay phim.

KÃ­nh nhá» cá»™ng Ä‘á»“ng máº¡ng chia sáº½ máº¡nh thÃ´ng tin nÃ y Ä‘á»ƒ Ä‘Æ°a máº¥y tÃªn cong an nÃ y ra Ã¡nh sÃ¡ng vÃ  Ä‘Ã²i láº¡i cong báº±ng cho a VÃµ HÆ°á»›ng. Xin cáº£m Æ¡n quÃ½ vi!

fb Tháº±ng Quá»· ThÃ¡nh Thiá»‡n / Video: Van HoÃ ng

---------------

Náº¿u cá»© tiáº¿p tá»¥c thá» Æ¡, má»™t ngÃ y khÃ´ng xa chÃ­nh chÃºng ta cÃ³ thá»ƒ lÃ  nhá»¯ng náº¡n nhÃ¢n káº¿ tiáº¿p!

Chia sáº» cÃ¹ng NKYN nhÃ©.

[K]",114731331886956,73,video
40,0,2018-03-22 08:42:35.266885,2016-11-15 11:00:00+00:00,134,114731331886956_1551122684914473,690,4,"[Bá»n phá»Ÿn Ä‘á»™ng MÄ© TÃ¢n :3 ]
Trá»ng, Quang, NgÃ¢n, Fuck mÃ  á»Ÿ Ä‘áº¥t Má»¹ thÃ¬ chá»‰ cÃ³ nÃ¡t máº·t!  :v :v :v :v

Nguá»“n: fb Cycle
fb Trung NghÄ©a st 
Kili",114731331886956,1,video
41,55,2018-03-22 08:42:35.266885,2016-11-15 04:04:00+00:00,75,114731331886956_1550035881689820,885,8,"Kiá»ƒm lÃ¢m vÃ´ cá»› tá»‹ch thu gá»— má»¥c cá»§a dÃ¢n.

TÃ³m táº¯t ná»™i dung:

NgÆ°á»i dÃ¢n tháº¥y máº¥y khÃºc gá»— trÃ´i trÃªn suá»‘i nÃªn lÆ°á»£m vá». CÃ³ má»™t ngÆ°á»i Ä‘áº¿n tráº£ giÃ¡ 2.500.000 $ nhÆ°ng ngÆ°á»i dÃ¢n khÃ´ng bÃ¡n. NgÆ°á»i nÃ y bÃ¨n bÃ¡o vá»›i kiá»ƒm lÃ¢m Ä‘áº¿n tá»‹ch thu, nhÆ°ng khÃ´ng cÃ³ biÃªn báº£n lÃ m viá»‡c nÃªn ngÆ°á»i dÃ¢n bÃºc xÃºc gá»i cÃ´ng Ä‘áº¿n...

Anh trai trong clip nÃ y nÃ³i chuyá»‡n ráº¥t ok Ä‘Ã³ nha.

fb Dung Dinh

[K]",114731331886956,3,video
42,0,2018-03-22 08:42:35.266885,2016-11-14 03:00:00+00:00,23,114731331886956_1549328538427221,783,30,"VÃ¬ tuá»•i tráº» lÃ  tÆ°Æ¡ng lai. VÃ  lá»—i khÃ´ng pháº£i do tuá»•i tráº».
Clip cÃ³ láº¥y sinh viÃªn Hoa Sen lÃ m vÃ­ dá»¥, máº¥y Ä‘á»©a Ä‘á»«ng máº¯ng a tá»™i nghiá»‡p :"">

fb DÆ°a Leo - Stand up comedian / YT: https://youtu.be/JtrzK5EuYb4

[K]",114731331886956,1,video
43,84,2018-03-22 08:42:35.266885,2016-11-14 02:00:00+00:00,13,114731331886956_1548914771801931,605,2,"Trong cÃ¡c cuá»™c cÆ°á»¡ng cháº¿ Ä‘áº¥t Ä‘ai, chÃºng ta dá»… nháº­n ra Ä‘a sá»‘ cÃ¡c cÃ¡n bá»™ CA Ä‘á»u khÃ´ng mang báº£ng tÃªn. Náº¿u há» luÃ´n nghÄ© ráº±ng viá»‡c mÃ¬nh vÃ  chÃ­nh quyá»n lÃ m lÃ  Ä‘Ãºng; váº­y táº¡i sao há» láº¡i giáº¥u Ä‘i báº£ng tÃªn? 

Khi dá»“n bá»©c dÃ¢n vÃ o Ä‘Æ°á»ng cÃ¹ng, XH há»—n loáº¡n; ai sáº½ lÃ  ngÆ°á»i Ä‘á»‘i diá»‡n vá»›i sá»± pháº«n ná»™ cá»§a nhÃ¢n dÃ¢n Ä‘áº§u tiÃªn? ÄÃ³ chÃ­nh lÃ  nhá»¯ng ngÆ°á»i lÃ­nh CA. HÃ£y suy xÃ©t khi cÃ¡c báº¡n Ä‘ang lÃ  cÃ´ng cá»¥ Ä‘áº¯c lá»±c cho nhÃ  cáº§m quyá»n bÃ³c lá»™t nhÃ¢n dÃ¢n.

Äoáº¡n clip quay láº¡i má»™t vá»¥ cÆ°á»¡ng cháº¿ Ä‘áº¥t diá»…n ra táº¡i Phan Thiáº¿t sÃ¡ng 10/11/2016 

Clip : fb Vi Háº±ng 

[K]",114731331886956,29,video
44,77,2018-03-22 08:42:35.266885,2016-11-11 05:03:00+00:00,30,114731331886956_1546092072084201,431,0,"PhÆ°á»ng Cáº©m PhÃ´, TP Há»™i An, tá»‰nh Quáº£ng Nam 06/11/2016: CÃ¡n bá»™ quy táº¯c gá»£i Ã½ Ä‘Æ°a phong bÃ¬ Ä‘á»ƒ Ä‘Æ°á»£c tiáº¿p tá»¥c Ä‘Æ°á»£c bÃ¡n 1 tá»§ bÃ¡nh mÃ¬ nhá» ko Ä‘Æ°á»£c thÃ¬ láº¡m quyá»n tá»‹ch thu ?

TrÃ­ch pháº£n Ã¡nh:

MÃ¬nh vÃ  vá»£ cÃ³ má»Ÿ 1 tá»§ bÃ¡nh má»‰ nhá» trÃªn Ä‘Æ°á»ng Nguyá»…n TrÆ°á»ng Tá»™ thuá»™c PhÆ°á»ng Cáº©m PhÃ´ TP.Há»™i An. Nhá»¯ng ngÃ y vá»«a rá»“i má»™t sá»‘ cÃ¡n bá»™ quy táº¯c cÃ³ Ä‘áº¿n gá»£i Ã½ Ä‘Æ°a phong bÃ¬ Ä‘á»ƒ Ä‘Æ°á»£c tiáº¿p tá»¥c Ä‘Æ°á»£c bÃ¡n nhÆ°ng tÃ´i nháº¥t quyáº¿t khÃ´ng Ä‘á»“ng Ã½. Äáº¿n hÃ´m nay há» kÃ©o cáº£ lÅ© Ä‘áº¿n tá»‹ch thu tÃ i sáº£n cá»§a tÃ´i

Äá»™i trÆ°á»Ÿng Ä‘á»™i quy táº¯c phÆ°á»ng Cáº©m PhÃ´, TP Há»™i An trong clip lÃ  Nguyá»…n Äá»©c HÃ²a 
- ÄT: 0913810729 
- facebook; https://www.facebook.com/hoa.nguyenduc.1426

fb XÃ¬ Trum 8

[K]",114731331886956,8,video
45,2,2018-03-22 08:42:35.266885,2016-11-11 04:00:00+00:00,54,114731331886956_1545377055489036,1576,89,"""Ai lÃ  tá»•ng thá»‘ng Má»¹ khÃ´ng quan trá»ng, quan trá»ng lÃ  chÃ­nh báº¡n!"". BÃ¬nh... loáº¡n cá»§a Nguyá»…n PhÃºc Gia Huy (1982), tá»©c DÆ°a Leo â€“ stand up comedian, má»™t diá»…n viÃªn hÃ i Ä‘á»™c thoáº¡i Ä‘áº§u tiÃªn táº¡i Viá»‡t Nam.

fb LÃª Nguyá»…n HÆ°Æ¡ng TrÃ  / DÆ°a Leo â€“ stand up comedian

[K]",114731331886956,3,video
46,10,2018-03-22 08:42:35.266885,2016-11-11 03:00:00+00:00,1258,114731331886956_1545352462158162,2322,15,"Thanh niÃªn sá»‘ng áº£o tháº¿ há»‡ Ä‘áº§u tiÃªn :v

""Ta phÃ¢n hoÃ¡ ná»™i bá»™ Má»¹""

Mion.",114731331886956,11,video
47,32,2018-03-22 08:42:35.266885,2016-11-10 07:01:00+00:00,885,114731331886956_1545123522181056,3852,157,"Äang Ä‘i Ä‘Æ°á»ng, xin nhan Ä‘Ã ng hoÃ ng, váº«n bá»‹ máº¥y anh CSGT váº«y ... má»¥c Ä‘Ã­ch lÃ  nháº¯c nhá»Ÿ máº·c Ã¡o mÆ°a vÃ o ko Æ°á»›t, vÃ .. há»i cÃ¡i camera hÃ nh trÃ¬nh láº¯p trÃªn mÅ© giÃ¡ bao nhiÃªu tiá»n ğŸ˜‚ğŸ˜‚ğŸ˜‚ğŸ˜‚

Tá»± nhiÃªn anh em tÃ¬nh cáº£m tháº¿ â˜ºï¸â˜ºï¸â˜ºï¸...CÃ¡c a tháº­t tá»‘t bá»¥ng

CÃ¡i camera Ä‘áº¥y há»¯u Ã­ch Ä‘a tiá»‡n lá»£i quÃ¡ğŸ˜‚ğŸ˜‚

fb ÄÃ¬nh Sang vÃ  Nhá»¯ng NgÆ°á»i Báº¡n

[K]",114731331886956,12,video
48,2,2018-03-22 08:42:35.266885,2016-11-09 02:00:00+00:00,230,114731331886956_1543121279047947,2383,115,"Há»“ ChÃ­ Minh Ä‘áº¿n Trung Quá»‘c vÃ  NgÃ´ ÄÃ¬nh Diá»‡m Ä‘áº¿n Hoa Ká»³.

Cá»© xem vÃ  tá»± suy nghÄ©  ;)

(fb HoÃ ng Ngá»c DiÃªu)

[K]",114731331886956,6,video
49,13,2018-03-22 08:42:35.266885,2016-11-08 12:28:00+00:00,534,114731331886956_1542955242397884,7608,334,"Máº¥t mÃ¹a lÃ  táº¡i thiÃªn tai
ÄÆ°á»£c mÃ¹a lÃ  bá»Ÿi thiÃªn tÃ i Äáº£ng ta",114731331886956,26,video
50,33,2018-03-22 08:42:35.266885,2016-11-07 16:01:00+00:00,96,114731331886956_1542161485810593,654,11,"XÃ£ XuÃ¢n PhÃº, huyá»‡n XuÃ¢n Lá»™c, tá»‰nh Äá»“ng Nai sÃ¡ng 07/11/2016: Cáº­n cáº£nh CSCÄ neÌm lÆ°Ì£u Ä‘aÌ£n cay Ä‘ÃªÌ‰ trÃ¢Ìn aÌp caÌc hoÌ£c viÃªn cai nghiÃªÌ£n Ä‘Ã¢Ì£p phaÌ Trung tÃ¢m cai nghiá»‡n tá»‰nh Äá»“ng Nai.

fb XÃ¬ Trum 8

[K]",114731331886956,4,video
51,4,2018-03-22 08:42:35.266885,2016-11-07 08:00:00+00:00,0,114731331886956_1541779085848833,182,2,"Äiá»m gá»Ÿ ?
ChÃ¹a Sáº£i (TÄ©nh LÃ¢u Tá»±), cÃ³ tá»« thá»i nhÃ  LÃ½, á»Ÿ phÆ°á»ng BÆ°á»Ÿi, quáº­n TÃ¢y Há»“, HÃ  Ná»™i chÃ¡y khuya 04/11/2016 khÃ´ng cÃ²n gÃ¬ (?)",114731331886956,22,video
52,88,2018-03-22 08:42:35.266885,2016-11-07 07:00:00+00:00,2479,114731331886956_1541771372516271,12563,618,"ÄÃ n bÃ² lÃ m lÃ£nh Ä‘áº¡o Ä‘á»ƒ tiáº¿n lÃªn thiÃªn Ä‘Æ°á»ng :3
Phim cÅ©, NKYN Ä‘Ã£ Ä‘Äƒng nhÆ°ng váº«n cÃ²n hay ;) 

Äá»‰nh cao trÃ­ tuá»‡ lÃ m kinh táº¿ sau khi ""giáº£i phÃ³ng"" miá»n Nam. <3

Kili",114731331886956,53,video
53,33,2018-03-22 08:42:35.266885,2016-11-07 05:30:00+00:00,0,114731331886956_1541770692516339,358,3,"BÃ² cá»§a Ã´ng Tráº§n VÄƒn TiÃªn thÃ´n PhÃº NÃ´ng, xÃ£ HÃ²a BÃ¬nh 1, huyá»‡n TÃ¢y HoÃ , tá»‰nh PhÃº YÃªn bá»‹ cháº¿t Ä‘uá»‘i trong cÆ¡n lÅ© ngÃ y 04/11/2016. 
Video: fb Anh QuÃ¢n

Kili",114731331886956,130,video
54,3,2018-03-22 08:42:35.266885,2016-11-06 13:31:00+00:00,174,114731331886956_1540760285950713,4711,98,Tháº¿ giá»›i Ä‘Ã£ Ä‘i tá»›i Ä‘Ã¢u rá»“i trong khi Viá»‡t Nam váº«n cÃ²n ...,114731331886956,13,video
55,17,2018-03-22 08:42:35.266885,2016-11-06 12:33:06+00:00,51,114731331886956_1540762219283853,945,41,"Khi sá»‘ng dÆ°á»›i má»™t cháº¿ Ä‘á»™ xÃ£ há»™i Ä‘áº§y ráº«y nhá»¯ng báº¥t cÃ´ng vá»›i má»™t ná»n PhÃ¡p Luáº­t rá»«ng rÃº, bá»™ mÃ¡y cÃ´ng quyá»n chuyÃªn Ä‘i báº£o vá»‡ lá»£i Ã­ch cho nhá»¯ng káº» cÃ³ Quyá»n Lá»±c & cÃ³ Tiá»n Báº¡c trong xÃ£ há»™i, ngÆ°á»i dÃ¢n pháº£i lÃ m gÃ¬ khi Hiáº¿n PhÃ¡p & cÃ¡c Bá»™ Luáº­t do chÃºng soáº¡n tháº£o ra chá»‰ Ä‘á»ƒ lÃ m kiá»ƒng, cÆ¡ quan hÃ nh phÃ¡p chá»‰ biáº¿t dÃ¹ng "" Luáº­t Rá»«ng "" Ä‘á»ƒ xÃ¢m pháº¡m : danh dá»±, tÃ­nh máº¡ng, tÃ i sáº£n, chá»— á»Ÿ, mÆ°u cáº§u háº¡nh phÃºc ... cá»§a nhÃ¢n dÃ¢n ...
ThÃ¬ NgÆ°á»i DÃ¢n  PHáº¢I LÃ€M GÃŒ ? 
Video : CÆ°á»›ng cháº¿ Ä‘áº¥t á»Ÿ Trung Quá»‘c

Theo fb Nguyá»…n Duy QuÃ¢n
Kili",114731331886956,6,video
56,19,2018-03-22 08:42:35.266885,2016-11-05 04:00:00+00:00,440,114731331886956_1539358939424181,1650,26,"Cháº¯c má»i ngÆ°á»i Ä‘Ã£ xem clip phong thÃ¡i cá»§a tá»•ng thá»‘ng NgÃ´ ÄÃ¬nh Diá»‡m vÃ  tá»•ng thá»‘ng Nguyá»…n VÄƒn Thiá»‡u khi cÃ´ng du Ä‘áº¿n Hoa Ká»³ nhÆ° tháº¿ nÃ o rá»“i. Nay má»i má»i ngÆ°á»i xem phong cÃ¡ch cá»§a ""lÃ£nh tá»¥ chá»§ tá»‹ch Há»“ ChÃ­ Minh"" khi sang ThiÃªn Triá»u xem nhÆ° tháº¿ nÃ o nhÃ¡.

fb ÄÃ´ ThÃ nh SÃ i GÃ²n 
CÃ¡c báº¡n xem xong 39 giÃ¢y clip, nhá»› vÃ o xem thÃªm top comments nhÃ©. :D
https://www.facebook.com/dothanhsg/videos/1773302186220223/
fb Há»™i PhÃ¡t Cuá»“ng VÃ¬ Sá»± Nguy Hiá»ƒm Cá»§a Há»™i GhÃ©t Pháº£n Äá»™ng 
Kili",114731331886956,15,video
57,0,2018-03-22 08:42:35.266885,2016-11-04 06:00:00+00:00,56,114731331886956_1538131132880295,632,20,"TÃ u háº£i cáº£nh HÃ n Quá»‘c báº¯n tÃ u cÃ¡ Trung Quá»‘c ""mÃ¡ nhÃ¬n khÃ´ng ra""

Tá» The Times (Anh) ngÃ y 2/11 dáº«n lá»i quan chá»©c cáº£nh sÃ¡t biá»ƒn Kim Jung-shik cho biáº¿t khoáº£ng 700 phÃ¡t Ä‘áº¡n sÃºng mÃ¡y M60 Ä‘Ã£ Ä‘Æ°á»£c lá»±c lÆ°á»£ng Háº£i cáº£nh HÃ n Quá»‘c báº¯n ra.

Ã”ng Kim cho biáº¿t thÃªm, trong vá»¥ viá»‡c nÃ y khÃ´ng ai thiá»‡t máº¡ng hay bá»‹ thÆ°Æ¡ng. KhÃ´ng cÃ³ thiá»‡t háº¡i vá» váº­t cháº¥t cá»§a cÃ¡c tÃ u cáº£nh sÃ¡t biá»ƒn nhÆ°ng nÃ³ Ä‘Ã£ Ä‘Ã¡nh dáº¥u viá»‡c lá»±c lÆ°á»£ng chá»©c nÄƒng HÃ n Quá»‘c láº§n Ä‘áº§u tiÃªn sá»­ dá»¥ng vÅ© khÃ­ nháº±m vÃ o tÃ u cÃ¡ Trung Quá»‘c.

http://baodatviet.vn/â€¦/dang-ap-tai-tau-ca-trung-quoc-hai-câ€¦/

fb ChÃ¢u VÄƒn Thi / Nguá»“n video: KBS News

[K]",114731331886956,1,video
58,41,2018-03-22 08:42:35.266885,2016-11-04 05:03:00+00:00,75,114731331886956_1537339432959465,985,13,"ThiÃªn Ä‘Æ°á»ng á»Ÿ ngay Háº¡ Giá»›i!!

""NgÆ°á»i tÃ n táº­t bÃ¡n vÃ© sá»‘ kiáº¿m trÄƒm triá»‡u/thÃ¡ng!!"" - Ã”ng Há»“ Kinh Kha, GiÃ¡m Ä‘á»‘c Sá»Ÿ TÃ i chÃ­nh tá»‰nh Tiá»n Giang 

ChÆ°a nghe nÃ³i cÃ³ ai trong gia Ä‘Ã¬nh Ã´ng Kha Ä‘i bÃ¡n vÃ© sá»‘

http://m.danviet.vn/tin-tuc/nguoi-tan-tat-ban-ve-so-kiem-tram-trieu-thang-656788.html

[K]",114731331886956,218,video
59,69,2018-03-22 08:42:35.266885,2016-11-04 04:00:00+00:00,3,114731331886956_1537337896292952,519,1,"Vá»¥ SÃºng ná»• trÃªn Cao nguyÃªn.

-NhÃ¢n dÃ¢n á»Ÿ Ä‘Ã¢y sá»‘ng ra sao ?

Nhá»¯ng ngÆ°á»i dÃ¢n Quáº£ng Trá»±c khai hoang, phÃ¡t ráº«y trá»“ng Äiá»u, cÃ  phÃª, cao su gáº§n 20 nÄƒm nay, bÃ¡m trá»¥ sinh sá»‘ng nÆ¡i Ä‘Ã¢y khÃ´ng Ä‘Æ°á»£c ChÃ­nh quyá»n Ä‘á»‹a phÆ°Æ¡ng thá»«a nháº­n.

Má»i giáº¥y tá» khai sinh, há»c hÃ nh, báº§u cá»­...Ä‘á»u chÆ°a bao giá» Ä‘Æ°á»£c thá»«a nháº­n, thá»±c hiá»‡n.

CÃ´ng ty Long SÆ¡n Ä‘Ã£ á»§i hÃ ng trÄƒm Ha Ä‘iá»u, cao su Ä‘ang thu hoáº¡ch cá»§a nhÃ¢n dÃ¢n á»Ÿ Ä‘Ã¢y, mÃ  khÃ´ng há» cÃ³ há»— trá»£, bá»“i thÆ°á»ng cho bÃ  con dÃ¹ chá»‰ má»™t Ä‘á»“ng.

Nhá»¯ng náº¡n nhÃ¢n nÃ y lÃ  01/05 ngÆ°á»i bá»‹ Cty Long SÆ¡n tá»‘ cÃ¡o Ä‘i tÃ¹ 03 nÄƒm vÃ¬ tá»™i ""Há»§y hoáº¡i tÃ i sáº£n"" vá» hÃ nh vi nhá»• lÃ¡n tráº¡i cá»§a CÃ´ng ty Long SÆ¡n trÃªn chÃ­nh Ä‘áº¥t cá»§a mÃ¬nh.

ÄÃ¢y, nhá»¯ng ngÆ°á»i dÃ¢n ""VÃ´ gia cÆ°"" tá»« 2003, nÃ³i gÃ¬ vá» cuá»™c sá»‘ng nÆ¡i Ä‘Ã¢y ?

(fb Nguyá»…n Quynh)

[K]",114731331886956,46,video
60,9,2018-03-22 08:42:35.266885,2016-11-03 14:00:00+00:00,441,114731331886956_1537194699640605,893,16,"CÃ¡c báº¡n Ä‘Ã£ giÃ¡c ngá»™ chÆ°a ? :3

fb Há»™i nhá»¯ng ngÆ°á»i phÃ¡t cuá»“ng vÃ¬ sá»± nguy hiá»ƒm cá»§a há»™i ghÃ©t pháº£n Ä‘á»™ng 
Kili",114731331886956,12,video
61,103,2018-03-22 08:42:35.266885,2016-11-02 01:00:00+00:00,313,114731331886956_1535784633114945,1933,116,"Má»i ngÆ°á»i chia sáº½ cÃ¡i clip náº§y nhiá»u nhiá»u Ä‘á»ƒ cÃ²n tÃ¬m ra tháº±ng cáº§m bÃºa nha ;)

Kili
PS. Äá» hay vÃ ng Ä‘á»u chia sáº½ clip náº§y Ä‘áº¥y nhÃ© :3",114731331886956,8,video
