page_id,username
263015667085262,YeuDangYeuBac
1881585028778123,Hội Đồng Hương Xuân Lộc - •‿•
1496503963970522,Hiệp Sĩ Đường Phố Tự Thiêu Nghi vấn chưa có lời giải?
127516827298177,GiaMinhRFA
527141220784330,DoraemonFund
142239562779457,tieptay.bannuoc.2
584696271564304,1 triệu người likes kêu gọi Chi Pu và Cường Seven quay trở lại với nhau
108520919207029,Nguyễn Khanh RFA
193183054442814,Bo.DanVan.VNCH
369982213089711,Hội Phát Cuồng Vì Nghị Định 71 Phạt Chạy Xe Không Chính Chủ
1698583583760748,Kidslife.vn
155369541148048,Nam Nguyên RFA
845906865474700,euhealthfacility
146186558752285,MacLamRFA
1710701572482319,doremontaiche
456719441026599,tienlenxhcn
